s0,s1,s2,s3,s4,s5,s6,action
0.0,0.0,0.15,0.14,0.12,0.0,0.0,0.0
0.0,0.0,0.34,0.33,0.32,0.0,0.0,0.0
0.0,0.0,0.03,0.01,0.0,0.0,0.0,0.0
0.0,0.0,0.18,0.16,0.14,0.0,0.0,0.0
0.0,0.08,0.33,0.31,0.29,0.0,0.0,0.0
0.0,0.22,0.48,0.46,0.44,0.0,0.0,0.0
0.0,0.36,0.62,0.61,0.59,0.0,0.0,0.0
0.0,0.49,0.77,0.76,0.74,0.0,0.0,0.0
0.0,0.62,0.92,0.91,0.89,0.0,0.0,0.0
0.0,0.76,1.07,1.06,1.04,0.0,0.0,0.0
0.0,0.89,1.22,1.21,1.19,0.02,0.0,0.0
0.0,1.02,1.37,1.36,1.34,0.14,0.0,0.0
0.0,1.16,1.52,1.51,1.49,0.26,0.0,0.0
0.0,1.29,1.67,1.66,1.65,0.37,0.0,1.0
0.06,1.37,1.6,1.59,1.55,0.29,0.0,1.0
0.15,1.46,1.54,1.5,1.49,0.19,0.0,1.0
0.25,1.52,1.45,1.43,1.4,0.09,0.0,1.0
0.34,1.62,1.36,1.35,1.31,0.0,0.0,1.0
0.43,1.69,1.3,1.27,1.23,0.0,0.0,1.0
0.52,1.78,1.22,1.17,1.16,0.0,0.0,1.0
0.61,1.85,1.12,1.09,1.07,0.0,0.0,1.0
0.7,1.92,1.05,1.01,0.97,0.0,0.0,1.0
0.78,1.99,0.95,0.91,0.87,0.0,0.0,1.0
0.88,2.03,0.87,0.84,0.79,0.0,0.0,1.0
0.96,1.96,0.78,0.74,0.7,0.0,0.0,1.0
1.04,1.89,0.69,0.65,0.61,0.0,0.0,1.0
1.13,1.82,0.6,0.56,0.52,0.0,0.0,1.0
1.21,1.75,0.51,0.47,0.43,0.0,0.0,1.0
1.29,1.66,0.42,0.37,0.33,0.0,0.0,1.0
1.37,1.59,0.33,0.29,0.24,0.0,0.0,1.0
1.46,1.5,0.23,0.19,0.15,0.0,0.0,1.0
1.52,1.43,0.14,0.09,0.05,0.0,0.0,1.0
1.62,1.35,0.05,0.0,0.0,0.0,0.0,1.0
1.69,1.27,0.0,0.0,0.0,0.0,0.0,1.0
1.78,1.17,0.0,0.0,0.0,0.0,0.0,1.0
1.85,1.09,0.0,0.0,0.0,0.0,0.0,1.0
1.92,1.01,0.0,0.0,0.0,0.0,0.0,0.0
1.92,1.01,0.0,0.0,0.0,0.0,0.0,0.0
1.95,1.03,0.0,0.0,0.0,0.0,0.0,0.0
1.95,1.04,0.0,0.0,0.0,0.0,0.0,0.0
1.97,1.06,0.0,0.0,0.0,0.0,0.0,0.0
2.0,1.06,0.0,0.0,0.0,0.0,0.0,0.0
2.0,1.08,0.0,0.0,0.0,0.0,0.0,1.0
2.08,0.99,0.0,0.0,0.0,0.0,0.0,0.0
2.07,0.98,0.0,0.0,0.0,0.0,0.0,0.0
2.09,1.0,0.0,0.0,0.0,0.0,0.0,0.0
2.08,1.01,0.0,0.0,0.0,0.0,0.0,0.0
2.1,1.0,0.0,0.0,0.0,0.0,0.0,0.0
2.09,1.0,0.0,0.0,0.0,0.0,0.0,0.0
2.11,1.01,0.0,0.0,0.0,0.0,0.0,0.0
2.11,1.02,0.0,0.0,0.0,0.0,0.0,1.0
2.17,0.93,0.0,0.0,0.0,0.0,0.0,0.0
2.17,0.92,0.0,0.0,0.0,0.0,0.0,0.0
2.16,0.93,0.0,0.0,0.0,0.0,0.0,0.0
2.17,0.92,0.0,0.0,0.0,0.0,0.0,0.0
2.16,0.92,0.0,0.0,0.0,0.0,0.0,0.0
2.16,0.93,0.0,0.0,0.0,0.0,0.0,0.0
2.15,0.92,0.0,0.0,0.0,0.0,0.0,0.0
2.15,0.91,0.0,0.0,0.0,0.0,0.0,0.0
2.14,0.91,0.0,0.0,0.0,0.0,0.0,0.0
2.15,0.92,0.0,0.0,0.0,0.0,0.0,0.0
2.14,0.91,0.0,0.0,0.0,0.0,0.0,0.0
2.12,0.9,0.0,0.0,0.0,0.0,0.0,0.0
2.13,0.91,0.0,0.0,0.0,0.0,0.0,0.0
2.14,0.89,0.19,0.19,0.19,0.0,0.0,0.0
2.12,0.9,0.37,0.37,0.37,0.0,0.0,0.0
2.13,0.89,0.55,0.55,0.55,0.0,0.0,0.0
2.12,0.89,0.73,0.73,0.73,0.0,0.0,0.0
2.1,0.89,0.91,0.91,0.91,0.02,0.0,0.0
2.11,0.89,1.09,1.09,1.09,0.14,0.0,0.0
2.1,0.88,1.27,1.27,1.27,0.27,0.0,0.0
2.11,0.89,1.45,1.45,1.45,0.4,0.0,0.0
2.09,0.88,1.63,1.63,1.63,0.53,0.0,0.0
2.1,0.89,1.81,1.81,1.81,0.65,0.0,0.0
2.08,0.87,2.0,2.0,1.99,0.78,0.0,0.0
2.09,0.95,2.18,2.18,2.18,0.91,0.0,0.0
2.08,1.09,2.36,2.36,2.36,1.05,0.0,1.0
2.03,1.17,2.29,2.29,2.28,0.94,0.0,1.0
1.95,1.28,2.21,2.2,2.2,0.86,0.0,1.0
1.88,1.33,2.13,2.12,2.11,0.76,0.0,1.0
1.8,1.43,2.05,2.04,2.03,0.67,0.0,1.0
1.72,1.53,1.97,1.96,1.95,0.58,0.0,1.0
1.65,1.6,1.88,1.83,1.83,0.48,0.0,1.0
1.55,1.71,1.8,1.76,1.75,0.39,0.0,1.0
1.48,1.79,1.69,1.68,1.64,0.3,0.0,1.0
1.38,1.86,1.61,1.61,1.57,0.2,0.0,1.0
1.29,1.95,1.54,1.5,1.47,0.11,0.0,1.0
1.23,2.03,1.43,1.4,1.37,0.01,0.0,1.0
0.81,2.11,1.34,1.31,1.29,0.0,0.0,1.0
0.9,2.19,1.24,1.23,1.18,0.0,0.0,1.0
0.98,2.28,1.19,1.15,1.11,0.0,0.0,1.0
1.09,2.36,1.08,1.05,1.0,0.0,0.0,1.0
1.17,2.29,0.99,0.94,0.92,0.0,0.0,1.0
1.28,2.2,0.9,0.86,0.81,0.0,0.0,1.0
1.33,2.12,0.81,0.76,0.73,0.0,0.0,1.0
1.43,2.04,0.71,0.67,0.64,0.0,0.0,1.0
1.53,1.96,0.61,0.58,0.54,0.0,0.0,1.0
1.6,1.83,0.53,0.48,0.44,0.0,0.0,1.0
1.71,1.76,0.44,0.39,0.35,0.0,0.0,1.0
1.79,1.68,0.34,0.3,0.25,0.0,0.0,1.0
1.86,1.61,0.25,0.2,0.16,0.0,0.0,1.0
1.95,1.5,0.15,0.11,0.06,0.0,0.0,1.0
2.03,1.4,0.06,0.01,0.0,0.0,0.0,1.0
2.11,1.31,0.0,0.0,0.0,0.0,0.0,1.0
2.19,1.23,0.0,0.0,0.0,0.0,0.0,1.0
2.28,1.15,0.0,0.0,0.0,0.0,0.0,0.0
2.3,1.15,0.0,0.0,0.0,0.0,0.0,0.0
2.29,1.13,0.0,0.0,0.0,0.0,0.0,0.0
2.31,1.14,0.0,0.0,0.0,0.0,0.0,0.0
2.3,1.15,0.0,0.0,0.0,0.0,0.0,0.0
2.33,1.15,0.0,0.0,0.0,0.0,0.0,0.0
2.31,1.16,0.0,0.0,0.0,0.0,0.0,0.0
2.34,1.17,0.0,0.0,0.0,0.0,0.0,0.0
2.32,1.18,0.0,0.0,0.0,0.0,0.0,1.0
2.41,1.07,0.0,0.0,0.0,0.0,0.0,0.0
2.39,1.08,0.0,0.0,0.0,0.0,0.0,0.0
2.41,1.08,0.0,0.0,0.0,0.0,0.0,0.0
2.39,1.07,0.0,0.0,0.0,0.0,0.0,0.0
2.4,1.06,0.0,0.0,0.0,0.0,0.0,0.0
2.38,1.07,0.0,0.0,0.0,0.0,0.0,0.0
2.39,1.06,0.0,0.0,0.0,0.0,0.0,0.0
2.37,1.06,0.0,0.0,0.0,0.0,0.0,0.0
2.39,1.07,0.0,0.0,0.0,0.0,0.0,0.0
2.37,1.06,0.0,0.0,0.0,0.0,0.0,0.0
2.38,1.05,0.0,0.0,0.0,0.0,0.0,0.0
2.36,1.07,0.0,0.0,0.0,0.0,0.0,0.0
2.38,1.06,0.0,0.0,0.0,0.0,0.0,0.0
2.35,1.05,0.0,0.0,0.0,0.0,0.0,0.0
2.37,1.04,0.0,0.0,0.0,0.0,0.0,0.0
2.35,1.06,0.0,0.0,0.0,0.0,0.0,0.0
2.36,1.05,0.0,0.0,0.0,0.0,0.0,0.0
2.34,1.04,0.0,0.0,0.0,0.0,0.0,0.0
2.36,1.05,0.0,0.0,0.0,0.0,0.0,0.0
2.34,1.02,0.0,0.0,0.0,0.0,0.0,0.0
2.35,1.04,0.0,0.0,0.0,0.0,0.0,0.0
2.33,1.03,0.0,0.0,0.0,0.0,0.0,0.0
2.34,1.02,0.0,0.0,0.0,0.0,0.0,0.0
2.32,1.03,0.0,0.0,0.0,0.0,0.0,0.0
2.34,1.02,0.0,0.0,0.0,0.0,0.0,0.0
2.32,1.04,0.0,0.0,0.0,0.0,0.0,0.0
2.33,1.01,0.0,0.0,0.0,0.0,0.0,0.0
2.31,1.02,0.0,0.0,0.0,0.0,0.0,0.0
2.33,1.01,0.0,0.0,0.0,0.0,0.0,0.0
2.31,1.01,0.0,0.0,0.0,0.0,0.0,0.0
2.32,1.02,0.0,0.0,0.0,0.0,0.0,0.0
2.3,1.01,0.0,0.0,0.0,0.0,0.0,0.0
2.31,1.0,0.0,0.0,0.0,0.0,0.0,0.0
2.29,1.02,0.0,0.0,0.0,0.0,0.0,0.0
2.31,1.01,0.0,0.0,0.0,0.0,0.0,0.0
2.29,1.0,0.0,0.0,0.0,0.0,0.0,0.0
2.3,0.99,0.1,0.1,0.1,0.0,0.0,0.0
2.28,1.0,0.28,0.28,0.28,0.0,0.0,0.0
2.29,1.0,0.46,0.46,0.46,0.0,0.0,0.0
2.27,0.99,0.64,0.64,0.64,0.0,0.0,0.0
2.29,1.0,0.82,0.82,0.81,0.0,0.0,0.0
2.27,0.97,1.0,0.99,0.99,0.08,0.0,0.0
2.28,0.99,1.17,1.17,1.17,0.21,0.0,0.0
2.26,0.98,1.35,1.35,1.35,0.33,0.0,0.0
2.28,0.99,1.53,1.53,1.53,0.46,0.0,0.0
2.26,0.98,1.71,1.71,1.71,0.59,0.0,0.0
2.27,0.97,1.89,1.89,1.88,0.72,0.0,1.0
2.17,0.88,1.82,1.81,1.81,0.63,0.0,1.0
2.1,0.8,1.76,1.75,1.75,0.54,0.0,1.0
2.03,0.7,1.69,1.68,1.67,0.46,0.0,1.0
1.93,1.12,1.61,1.6,1.59,0.36,0.0,1.0
1.86,1.21,1.55,1.52,1.51,0.27,0.0,1.0
1.79,1.29,1.48,1.46,1.43,0.18,0.0,1.0
1.69,1.37,1.4,1.37,1.35,0.09,0.0,1.0
1.6,1.44,1.33,1.29,1.28,0.0,0.0,1.0
1.51,1.52,1.24,1.2,1.19,0.0,0.0,1.0
1.42,1.6,1.17,1.14,1.11,0.0,0.0,1.0
1.34,1.68,1.08,1.05,1.02,0.0,0.0,1.0
1.24,1.74,1.0,0.96,0.93,0.0,0.0,0.0
1.17,1.87,1.11,1.08,1.04,0.0,0.0,0.0
1.08,2.01,1.21,1.17,1.14,0.0,0.0,1.0
0.82,2.1,1.12,1.08,1.06,0.0,0.0,1.0
0.9,2.16,1.02,1.0,0.97,0.0,0.0,1.0
0.98,2.16,0.95,0.92,0.88,0.0,0.0,1.0
1.08,2.1,0.86,0.82,0.78,0.0,0.0,1.0
1.17,2.01,0.77,0.73,0.7,0.0,0.0,1.0
1.26,1.92,0.69,0.65,0.61,0.0,0.0,1.0
1.35,1.86,0.59,0.56,0.51,0.0,0.0,1.0
1.43,1.77,0.5,0.46,0.42,0.0,0.0,1.0
1.51,1.68,0.41,0.37,0.33,0.0,0.0,1.0
1.59,1.59,0.32,0.28,0.24,0.0,0.0,1.0
1.68,1.51,0.23,0.19,0.14,0.0,0.0,1.0
1.77,1.43,0.14,0.09,0.05,0.0,0.0,1.0
1.86,1.35,0.05,0.0,0.0,0.0,0.0,1.0
1.95,1.28,0.0,0.0,0.0,0.0,0.0,1.0
2.01,1.17,0.0,0.0,0.0,0.0,0.0,1.0
2.1,1.08,0.0,0.0,0.0,0.0,0.0,1.0
2.16,1.0,0.0,0.0,0.0,0.0,0.0,0.0
2.18,0.99,0.0,0.0,0.0,0.0,0.0,0.0
2.17,1.02,0.0,0.0,0.0,0.0,0.0,1.0
2.17,0.93,0.0,0.0,0.0,0.0,0.0,0.0
2.18,0.92,0.0,0.0,0.0,0.0,0.0,0.0
2.16,0.91,0.0,0.0,0.0,0.0,0.0,0.0
2.18,0.92,0.0,0.0,0.0,0.0,0.0,0.0
2.16,0.91,0.0,0.0,0.0,0.0,0.0,0.0
2.17,0.91,0.0,0.0,0.0,0.0,0.0,0.0
2.15,0.92,0.0,0.0,0.0,0.0,0.0,0.0
2.16,0.89,0.0,0.0,0.0,0.0,0.0,0.0
2.15,0.9,0.0,0.0,0.0,0.0,0.0,0.0
2.16,0.9,0.0,0.0,0.0,0.0,0.0,0.0
2.14,0.89,0.0,0.0,0.0,0.0,0.0,0.0
2.15,0.9,0.0,0.0,0.0,0.0,0.0,0.0
2.14,0.89,0.0,0.0,0.0,0.0,0.0,0.0
2.15,0.89,0.0,0.0,0.0,0.0,0.0,0.0
2.13,0.9,0.0,0.0,0.0,0.0,0.0,0.0
2.14,0.89,0.0,0.0,0.0,0.0,0.0,0.0
2.12,0.9,0.0,0.0,0.0,0.0,0.0,0.0
2.13,0.88,0.0,0.0,0.0,0.0,0.0,0.0
2.12,0.89,0.0,0.0,0.0,0.0,0.0,0.0
2.13,0.88,0.0,0.0,0.0,0.0,0.0,0.0
2.11,0.87,0.0,0.0,0.0,0.0,0.0,2.0
2.11,0.97,0.0,0.0,0.0,0.0,0.0,0.0
2.13,0.98,0.0,0.0,0.0,0.0,0.0,0.0
2.13,0.97,0.0,0.0,0.0,0.0,0.0,1.0
2.12,0.9,0.0,0.0,0.0,0.0,0.0,0.0
2.13,0.88,0.0,0.0,0.0,0.0,0.0,0.0
2.12,0.89,0.0,0.0,0.0,0.0,0.0,0.0
2.13,0.88,0.0,0.0,0.0,0.0,0.0,0.0
2.11,0.87,0.0,0.0,0.0,0.0,0.0,0.0
2.12,0.88,0.0,0.0,0.0,0.0,0.0,0.0
2.1,0.88,0.0,0.0,0.0,0.0,0.0,0.0
2.12,0.87,0.0,0.0,0.0,0.0,0.0,0.0
2.1,0.86,0.0,0.0,0.0,0.0,0.0,0.0
2.11,0.87,0.0,0.0,0.0,0.0,0.0,0.0
2.09,0.87,0.0,0.0,0.0,0.0,0.0,0.0
2.1,0.86,0.0,0.0,0.0,0.0,0.0,0.0
2.09,0.87,0.0,0.0,0.0,0.0,0.0,0.0
2.1,0.85,0.0,0.0,0.0,0.0,0.0,0.0
2.08,0.86,0.0,0.0,0.0,0.0,0.0,0.0
2.09,0.85,0.0,0.0,0.0,0.0,0.0,0.0
2.08,0.86,0.0,0.0,0.0,0.0,0.0,0.0
2.08,0.85,0.0,0.0,0.0,0.0,0.0,0.0
2.07,0.85,0.0,0.0,0.0,0.0,0.0,0.0
2.08,0.85,0.0,0.0,0.0,0.0,0.0,0.0
2.06,0.85,0.0,0.0,0.0,0.0,0.0,0.0
2.07,0.84,0.0,0.0,0.0,0.0,0.0,0.0
2.06,0.85,0.0,0.0,0.0,0.0,0.0,0.0
2.07,0.83,0.0,0.0,0.0,0.0,0.0,0.0
2.05,0.84,0.0,0.0,0.0,0.0,0.0,0.0
2.06,0.83,0.0,0.0,0.0,0.0,0.0,0.0
2.05,0.82,0.0,0.0,0.0,0.0,0.0,0.0
2.05,0.83,0.0,0.0,0.0,0.0,0.0,0.0
2.04,0.83,0.0,0.0,0.0,0.0,0.0,0.0
2.05,0.82,0.0,0.0,0.0,0.0,0.0,0.0
2.03,0.81,0.0,0.0,0.0,0.0,0.0,0.0
2.04,0.82,0.0,0.0,0.0,0.0,0.0,0.0
2.03,0.82,0.0,0.0,0.0,0.0,0.0,0.0
2.04,0.81,0.0,0.0,0.0,0.0,0.0,0.0
2.02,0.82,0.0,0.0,0.0,0.0,0.0,0.0
2.03,0.81,0.0,0.0,0.0,0.0,0.0,0.0
2.02,0.81,0.15,0.15,0.15,0.0,0.0,0.0
2.02,0.8,0.33,0.33,0.33,0.0,0.0,0.0
2.01,0.81,0.51,0.51,0.51,0.0,0.0,0.0
2.02,0.8,0.69,0.69,0.68,0.0,0.0,0.0
2.0,0.8,0.87,0.86,0.86,0.0,0.0,0.0
2.01,0.8,1.05,1.04,1.04,0.12,0.0,0.0
2.0,0.8,1.22,1.22,1.22,0.25,0.0,0.0
2.0,0.79,1.4,1.4,1.4,0.37,0.0,0.0
1.99,0.8,1.58,1.58,1.58,0.5,0.0,0.0
2.0,0.78,1.76,1.76,1.76,0.63,0.0,0.0
1.98,0.79,1.94,1.94,1.94,0.77,0.0,1.0
1.92,0.91,1.86,1.86,1.85,0.68,0.0,1.0
1.85,1.0,1.8,1.8,1.79,0.59,0.0,1.0
1.76,1.08,1.74,1.73,1.7,0.5,0.0,1.0
1.69,1.17,1.66,1.65,1.64,0.4,0.0,1.0
1.6,1.26,1.6,1.57,1.55,0.31,0.0,1.0
1.54,1.34,1.52,1.51,1.47,0.23,0.0,1.0
1.45,1.42,1.44,1.42,1.41,0.14,0.0,1.0
1.39,1.5,1.38,1.34,1.31,0.04,0.0,1.0
1.3,1.58,1.28,1.27,1.24,0.0,0.0,1.0
1.22,1.64,1.21,1.18,1.15,0.0,0.0,1.0
1.13,1.73,1.14,1.11,1.06,0.0,0.0,1.0
1.04,1.79,1.05,1.02,0.98,0.0,0.0,1.0
0.96,1.87,0.97,0.93,0.89,0.0,0.0,1.0
0.87,1.93,0.88,0.85,0.81,0.0,0.0,1.0
0.79,1.94,0.8,0.77,0.73,0.0,0.0,1.0
0.91,1.86,0.71,0.68,0.64,0.0,0.0,1.0
1.0,1.8,0.62,0.59,0.55,0.0,0.0,1.0
1.08,1.73,0.54,0.5,0.45,0.0,0.0,1.0
1.17,1.65,0.45,0.4,0.37,0.0,0.0,1.0
1.26,1.57,0.36,0.31,0.27,0.0,0.0,1.0
1.34,1.51,0.27,0.23,0.18,0.0,0.0,1.0
1.42,1.42,0.18,0.14,0.09,0.0,0.0,1.0
1.5,1.34,0.09,0.04,0.0,0.0,0.0,1.0
1.58,1.27,0.0,0.0,0.0,0.0,0.0,1.0
1.64,1.18,0.0,0.0,0.0,0.0,0.0,1.0
1.73,1.11,0.0,0.0,0.0,0.0,0.0,1.0
1.79,1.02,0.0,0.0,0.0,0.0,0.0,1.0
1.87,0.93,0.0,0.0,0.0,0.0,0.0,0.0
1.87,0.95,0.0,0.0,0.0,0.0,0.0,1.0
1.94,0.86,0.0,0.0,0.0,0.0,0.0,0.0
1.95,0.87,0.0,0.0,0.0,0.0,0.0,0.0
1.95,0.86,0.0,0.0,0.0,0.0,0.0,0.0
1.96,0.88,0.0,0.0,0.0,0.0,0.0,0.0
1.98,0.87,0.0,0.0,0.0,0.0,0.0,0.0
1.98,0.88,0.0,0.0,0.0,0.0,0.0,0.0
1.99,0.88,0.0,0.0,0.0,0.0,0.0,0.0
1.99,0.89,0.0,0.0,0.0,0.0,0.0,0.0
2.01,0.89,0.0,0.0,0.0,0.0,0.0,0.0
2.0,0.9,0.0,0.0,0.0,0.0,0.0,0.0
2.02,0.91,0.0,0.0,0.0,0.0,0.0,0.0
2.01,0.91,0.0,0.0,0.0,0.0,0.0,0.0
2.03,0.92,0.0,0.0,0.0,0.0,0.0,0.0
2.03,0.92,0.0,0.0,0.0,0.0,0.0,0.0
2.04,0.91,0.0,0.0,0.0,0.0,0.0,0.0
2.04,0.92,0.0,0.0,0.0,0.0,0.0,0.0
2.06,0.94,0.0,0.0,0.0,0.0,0.0,0.0
2.05,0.93,0.0,0.0,0.0,0.0,0.0,0.0
2.07,0.94,0.0,0.0,0.0,0.0,0.0,0.0
2.06,0.94,0.0,0.0,0.0,0.0,0.0,0.0
2.08,0.95,0.0,0.0,0.0,0.0,0.0,0.0
2.07,0.95,0.0,0.0,0.0,0.0,0.0,0.0
2.09,0.96,0.0,0.0,0.0,0.0,0.0,0.0
2.09,0.97,0.0,0.0,0.0,0.0,0.0,0.0
2.11,0.96,0.0,0.0,0.0,0.0,0.0,0.0
2.1,0.98,0.0,0.0,0.0,0.0,0.0,0.0
2.12,0.97,0.0,0.0,0.0,0.0,0.0,1.0
2.12,0.89,0.0,0.0,0.0,0.0,0.0,0.0
2.1,0.88,0.0,0.0,0.0,0.0,0.0,0.0
2.11,0.89,0.0,0.0,0.0,0.0,0.0,0.0
2.09,0.88,0.0,0.0,0.0,0.0,0.0,0.0
2.1,0.89,0.0,0.0,0.0,0.0,0.0,0.0
2.09,0.87,0.0,0.0,0.0,0.0,0.0,0.0
2.1,0.88,0.0,0.0,0.0,0.0,0.0,0.0
2.08,0.87,0.0,0.0,0.0,0.0,0.0,0.0
2.09,0.86,0.0,0.0,0.0,0.0,0.0,0.0
2.08,0.87,0.0,0.0,0.0,0.0,0.0,0.0
2.09,0.87,0.0,0.0,0.0,0.0,0.0,0.0
2.07,0.86,0.0,0.0,0.0,0.0,0.0,0.0
2.08,0.85,0.0,0.0,0.0,0.0,0.0,0.0
2.06,0.86,0.0,0.0,0.0,0.0,0.0,0.0
2.07,0.86,0.0,0.0,0.0,0.0,0.0,0.0
2.06,0.85,0.0,0.0,0.0,0.0,0.0,0.0
2.07,0.86,0.0,0.0,0.0,0.0,0.0,0.0
2.05,0.85,0.18,0.18,0.18,0.0,0.0,0.0
2.06,0.85,0.36,0.36,0.36,0.0,0.0,0.0
2.05,0.85,0.54,0.54,0.54,0.0,0.0,0.0
2.05,0.85,0.72,0.72,0.71,0.0,0.0,0.0
2.04,0.84,0.9,0.9,0.89,0.02,0.0,0.0
2.05,0.84,1.08,1.08,1.07,0.15,0.0,0.0
2.03,0.84,1.26,1.25,1.25,0.27,0.0,0.0
2.04,0.84,1.44,1.43,1.43,0.4,0.0,0.0
2.03,0.83,1.62,1.61,1.61,0.54,0.0,0.0
2.04,0.84,1.8,1.79,1.79,0.67,0.0,0.0
2.02,0.82,1.98,1.97,1.97,0.79,0.0,1.0
1.95,0.93,1.92,1.91,1.91,0.7,0.0,1.0
1.88,1.01,1.86,1.85,1.84,0.61,0.0,1.0
1.81,1.09,1.79,1.76,1.75,0.53,0.0,1.0
1.74,1.18,1.71,1.7,1.68,0.43,0.0,1.0
1.67,1.25,1.64,1.61,1.6,0.34,0.0,1.0
1.57,1.33,1.56,1.54,1.53,0.25,0.0,1.0
1.5,1.41,1.5,1.46,1.45,0.16,0.0,1.0
1.41,1.5,1.41,1.4,1.36,0.06,0.0,1.0
1.35,1.58,1.33,1.32,1.28,0.0,0.0,1.0
1.26,1.65,1.25,1.22,1.19,0.0,0.0,1.0
1.18,1.74,1.18,1.13,1.12,0.0,0.0,1.0
0.0,0.0,0.0,0.0,0.0,0.02,0.0,0.0
0.0,0.0,0.0,0.03,0.05,0.15,0.0,0.0
0.0,0.0,0.14,0.16,0.19,0.28,0.0,0.0
0.0,0.0,0.26,0.29,0.31,0.42,0.0,0.0
0.0,0.0,0.4,0.42,0.45,0.56,0.0,0.0
0.0,0.0,0.52,0.55,0.57,0.7,0.0,0.0
0.0,0.0,0.66,0.68,0.7,0.83,0.0,0.0
0.0,0.0,0.77,0.8,0.82,0.97,0.0,0.0
0.0,0.0,0.91,0.93,0.96,1.11,0.0,0.0
0.0,0.0,1.03,1.06,1.08,1.24,0.01,0.0
0.0,0.0,1.17,1.19,1.22,1.38,0.13,0.0
0.0,0.01,1.28,1.32,1.33,1.53,0.23,0.0
0.0,0.12,1.43,1.44,1.48,1.66,0.34,0.0
0.0,0.22,1.53,1.57,1.58,1.79,0.45,2.0
0.0,0.13,1.47,1.48,1.51,1.89,0.55,2.0
0.0,0.03,1.36,1.39,1.42,1.96,0.65,2.0
0.0,0.0,1.28,1.31,1.34,2.03,0.74,2.0
0.0,0.0,1.21,1.23,1.25,2.14,0.83,2.0
0.0,0.0,1.11,1.13,1.18,2.21,0.92,2.0
0.0,0.0,1.03,1.05,1.08,2.28,1.02,2.0
0.0,0.0,0.93,0.96,0.99,2.23,1.1,2.0
0.0,0.0,0.83,0.87,0.92,2.16,1.19,2.0
0.0,0.0,0.74,0.78,0.83,2.05,1.27,2.0
0.0,0.0,0.65,0.69,0.73,1.98,1.38,2.0
0.0,0.0,0.56,0.6,0.64,1.91,1.47,2.0
0.0,0.0,0.46,0.51,0.56,1.84,1.56,2.0
0.0,0.0,0.37,0.41,0.46,1.73,1.62,2.0
0.0,0.0,0.28,0.32,0.36,1.67,1.72,2.0
0.0,0.0,0.18,0.22,0.27,1.57,1.79,2.0
0.0,0.0,0.08,0.13,0.18,1.48,1.89,2.0
0.0,0.0,0.0,0.03,0.08,1.39,1.96,2.0
0.0,0.0,0.0,0.0,0.0,1.31,2.03,2.0
0.0,0.0,0.0,0.0,0.0,1.23,2.14,2.0
0.0,0.0,0.0,0.0,0.0,1.13,2.21,2.0
0.0,0.0,0.0,0.0,0.0,1.05,2.28,0.0
0.0,0.0,0.0,0.0,0.0,1.05,2.27,0.0
0.0,0.0,0.0,0.0,0.0,1.06,2.29,0.0
0.0,0.0,0.0,0.0,0.0,1.05,2.27,0.0
0.0,0.0,0.0,0.0,0.0,1.06,2.3,2.0
0.0,0.0,0.0,0.0,0.0,0.97,2.24,0.0
0.0,0.0,0.0,0.0,0.0,0.97,2.22,0.0
0.0,0.0,0.0,0.0,0.0,0.96,2.23,0.0
0.0,0.0,0.0,0.0,0.0,0.96,2.2,0.0
0.0,0.0,0.0,0.0,0.0,0.95,2.22,0.0
0.0,0.0,0.0,0.0,0.0,0.95,2.19,1.0
0.0,0.0,0.0,0.0,0.0,1.05,2.25,0.0
0.0,0.0,0.0,0.0,0.0,1.03,2.27,0.0
0.0,0.0,0.0,0.0,0.0,1.04,2.26,0.0
0.0,0.0,0.0,0.0,0.0,1.05,2.28,0.0
0.0,0.0,0.0,0.0,0.0,1.06,2.26,0.0
0.0,0.0,0.0,0.0,0.0,1.05,2.28,0.0
0.0,0.0,0.0,0.0,0.0,1.05,2.27,0.0
0.0,0.0,0.0,0.0,0.0,1.06,2.29,0.0
0.0,0.0,0.0,0.0,0.0,1.05,2.27,0.0
0.0,0.0,0.0,0.0,0.0,1.06,2.29,0.0
0.0,0.0,0.0,0.0,0.0,1.07,2.28,0.0
0.0,0.0,0.06,0.06,0.06,1.05,2.3,0.0
0.0,0.0,0.24,0.24,0.24,1.06,2.29,0.0
0.0,0.0,0.42,0.42,0.42,1.07,2.31,0.0
0.0,0.0,0.6,0.6,0.59,1.08,2.29,0.0
0.0,0.0,0.78,0.77,0.77,1.07,2.31,0.0
0.0,0.11,0.95,0.95,0.95,1.07,2.3,0.0
0.0,0.25,1.13,1.13,1.13,1.08,2.32,0.0
0.0,0.37,1.31,1.31,1.31,1.07,2.3,0.0
0.0,0.51,1.49,1.49,1.49,1.08,2.33,0.0
0.0,0.64,1.67,1.67,1.66,1.09,2.31,0.0
0.0,0.77,1.84,1.84,1.84,1.1,2.33,2.0
0.0,0.67,1.83,1.83,1.84,0.99,2.27,2.0
0.0,0.59,1.78,1.78,1.79,0.91,2.19,0.0
0.0,0.72,1.95,1.96,1.96,0.89,2.19,2.0
0.0,0.63,1.86,1.89,1.9,0.8,2.08,2.0
0.0,0.54,1.78,1.79,1.8,1.16,2.0,2.0
0.0,0.45,1.71,1.72,1.73,1.26,1.93,2.0
0.0,0.35,1.64,1.65,1.66,1.32,1.85,2.0
0.0,0.26,1.54,1.56,1.59,1.41,1.78,2.0
0.0,0.17,1.47,1.49,1.5,1.5,1.67,2.0
0.0,0.07,1.39,1.42,1.43,1.56,1.61,2.0
0.0,0.0,1.3,1.33,1.35,1.66,1.51,2.0
0.0,0.0,1.22,1.25,1.26,1.73,1.44,2.0
0.0,0.0,1.12,1.15,1.18,1.8,1.33,2.0
0.0,0.0,1.04,1.08,1.11,1.87,1.24,2.0
0.0,0.0,0.95,0.98,1.02,1.94,1.17,2.0
0.0,0.0,0.86,0.9,0.94,2.01,1.07,2.0
0.0,0.0,0.77,0.8,0.85,2.03,0.99,2.0
0.0,0.0,0.68,0.72,0.76,1.96,0.89,2.0
0.0,0.0,0.58,0.63,0.68,1.89,0.8,2.0
0.0,0.0,0.49,0.54,0.58,1.79,1.16,2.0
0.0,0.0,0.4,0.45,0.49,1.72,1.26,2.0
0.0,0.0,0.31,0.35,0.4,1.65,1.32,2.0
0.0,0.0,0.22,0.26,0.31,1.56,1.41,2.0
0.0,0.0,0.12,0.17,0.21,1.49,1.5,2.0
0.0,0.0,0.03,0.07,0.12,1.42,1.56,2.0
0.0,0.0,0.0,0.0,0.02,1.33,1.66,2.0
0.0,0.0,0.0,0.0,0.0,1.25,1.73,2.0
0.0,0.0,0.0,0.0,0.0,1.15,1.8,2.0
0.0,0.0,0.0,0.0,0.0,1.08,1.87,2.0
0.0,0.0,0.0,0.0,0.0,0.98,1.94,0.0
0.0,0.0,0.0,0.0,0.0,1.0,1.96,0.0
0.0,0.0,0.0,0.0,0.0,1.0,1.96,0.0
0.0,0.0,0.0,0.0,0.0,1.01,1.99,2.0
0.0,0.0,0.0,0.0,0.0,0.93,2.06,0.0
0.0,0.0,0.0,0.0,0.0,0.93,2.05,0.0
0.0,0.0,0.0,0.0,0.0,0.92,2.07,0.0
0.0,0.0,0.0,0.0,0.0,0.93,2.06,0.0
0.0,0.0,0.0,0.0,0.0,0.94,2.07,0.0
0.0,0.0,0.0,0.0,0.0,0.94,2.06,0.0
0.0,0.0,0.0,0.0,0.0,0.93,2.08,0.0
0.0,0.0,0.0,0.0,0.0,0.94,2.07,0.0
0.0,0.0,0.0,0.0,0.0,0.95,2.09,0.0
0.0,0.0,0.0,0.0,0.0,0.94,2.08,0.0
0.0,0.0,0.0,0.0,0.0,0.95,2.09,0.0
0.0,0.0,0.0,0.0,0.0,0.95,2.08,0.0
0.0,0.0,0.0,0.0,0.0,0.96,2.1,0.0
0.0,0.0,0.0,0.0,0.0,0.95,2.09,0.0
0.0,0.0,0.0,0.0,0.0,0.96,2.1,0.0
0.0,0.0,0.0,0.0,0.0,0.97,2.09,0.0
0.0,0.0,0.0,0.0,0.0,0.96,2.11,0.0
0.0,0.0,0.0,0.0,0.0,0.96,2.1,0.0
0.0,0.0,0.0,0.0,0.0,0.97,2.12,0.0
0.0,0.0,0.0,0.0,0.0,0.96,2.1,0.0
0.0,0.0,0.0,0.0,0.0,0.97,2.12,0.0
0.0,0.0,0.0,0.0,0.0,0.97,2.11,0.0
0.0,0.0,0.0,0.0,0.0,0.98,2.13,0.0
0.0,0.0,0.0,0.0,0.0,0.97,2.12,0.0
0.0,0.0,0.0,0.0,0.0,0.98,2.13,0.0
0.0,0.0,0.0,0.0,0.0,0.99,2.12,0.0
0.0,0.0,0.0,0.0,0.0,0.98,2.14,0.0
0.0,0.0,0.0,0.0,0.0,1.0,2.13,0.0
0.0,0.0,0.0,0.0,0.0,0.99,2.15,0.0
0.0,0.0,0.0,0.0,0.0,1.0,2.13,0.0
0.0,0.0,0.0,0.0,0.0,0.99,2.15,0.0
0.0,0.0,0.0,0.0,0.0,1.0,2.14,0.0
0.0,0.0,0.0,0.0,0.0,1.0,2.16,0.0
0.0,0.0,0.0,0.0,0.0,0.99,2.15,0.0
0.0,0.0,0.0,0.0,0.0,1.0,2.16,0.0
0.0,0.0,0.0,0.0,0.0,1.01,2.15,0.0
0.0,0.0,0.0,0.0,0.0,1.0,2.17,0.0
0.0,0.0,0.0,0.0,0.0,1.02,2.16,0.0
0.0,0.0,0.0,0.0,0.0,1.01,2.18,0.0
0.0,0.0,0.0,0.0,0.0,1.02,2.16,0.0
0.0,0.0,0.0,0.0,0.0,1.01,2.18,0.0
0.0,0.0,0.0,0.0,0.0,1.02,2.17,0.0
0.0,0.0,0.06,0.06,0.06,1.03,2.19,0.0
0.0,0.0,0.24,0.24,0.24,1.01,2.18,0.0
0.0,0.0,0.42,0.42,0.42,1.04,2.19,0.0
0.0,0.0,0.6,0.6,0.6,1.03,2.18,0.0
0.0,0.0,0.78,0.78,0.77,1.04,2.2,0.0
0.0,0.11,0.96,0.95,0.95,1.05,2.19,0.0
0.0,0.24,1.13,1.13,1.13,1.03,2.21,0.0
0.0,0.36,1.31,1.31,1.31,1.04,2.19,0.0
0.0,0.5,1.49,1.49,1.49,1.03,2.21,0.0
0.0,0.63,1.67,1.67,1.67,1.04,2.2,0.0
0.0,0.75,1.85,1.85,1.85,1.05,2.22,2.0
0.0,0.67,1.84,1.85,1.85,0.97,2.23,2.0
0.0,0.58,1.77,1.78,1.78,0.86,2.16,2.0
0.0,0.49,1.7,1.7,1.71,0.77,2.06,2.0
0.0,0.41,1.62,1.63,1.64,0.69,2.0,2.0
0.0,0.31,1.54,1.56,1.57,1.1,1.9,2.0
0.0,0.23,1.47,1.48,1.5,1.18,1.83,2.0
0.0,0.13,1.39,1.41,1.42,1.27,1.73,2.0
0.0,0.04,1.3,1.34,1.35,1.34,1.67,2.0
0.0,0.0,1.23,1.25,1.28,1.43,1.58,2.0
0.0,0.0,1.15,1.18,1.2,1.5,1.49,2.0
0.0,0.0,1.07,1.1,1.11,1.58,1.4,2.0
0.0,0.0,0.98,1.01,1.05,1.63,1.3,2.0
0.0,0.0,0.89,0.93,0.96,1.71,1.22,2.0
0.0,0.0,0.8,0.84,0.88,1.78,1.13,2.0
0.0,0.0,0.71,0.75,0.79,1.85,1.05,2.0
0.0,0.0,0.63,0.67,0.7,1.85,0.97,2.0
0.0,0.0,0.54,0.58,0.62,1.78,0.86,2.0
0.0,0.0,0.45,0.49,0.53,1.7,0.77,2.0
0.0,0.0,0.36,0.41,0.44,1.63,0.69,2.0
0.0,0.0,0.27,0.31,0.35,1.56,1.1,2.0
0.0,0.0,0.18,0.23,0.26,1.48,1.18,2.0
0.0,0.0,0.09,0.13,0.18,1.41,1.27,2.0
0.0,0.0,0.0,0.04,0.08,1.34,1.34,2.0
0.0,0.0,0.0,0.0,0.0,1.25,1.43,2.0
0.0,0.0,0.0,0.0,0.0,1.18,1.5,0.0
0.0,0.0,0.0,0.0,0.0,1.21,1.53,0.0
0.0,0.0,0.0,0.0,0.0,1.25,1.59,2.0
0.0,0.0,0.0,0.0,0.0,1.17,1.65,2.0
0.0,0.0,0.0,0.0,0.0,1.08,1.74,2.0
0.0,0.0,0.0,0.0,0.0,1.0,1.8,2.0
0.0,0.0,0.0,0.0,0.0,0.91,1.86,0.0
0.0,0.0,0.0,0.0,0.0,0.92,1.88,0.0
0.0,0.0,0.0,0.0,0.0,0.94,1.91,0.0
0.0,0.0,0.0,0.0,0.0,0.94,1.91,2.0
0.0,0.0,0.0,0.0,0.0,0.85,1.97,0.0
0.0,0.0,0.0,0.0,0.0,0.86,1.98,0.0
0.0,0.0,0.0,0.0,0.0,0.86,1.98,0.0
0.0,0.0,0.0,0.0,0.0,0.86,1.99,0.0
0.0,0.0,0.0,0.0,0.0,0.86,1.98,0.0
0.0,0.0,0.0,0.0,0.0,0.87,2.0,0.0
0.0,0.0,0.0,0.0,0.0,0.86,1.99,0.0
0.0,0.0,0.0,0.0,0.0,0.87,2.0,0.0
0.0,0.0,0.0,0.0,0.0,0.87,1.99,0.0
0.0,0.0,0.0,0.0,0.0,0.87,2.01,0.0
0.0,0.0,0.0,0.0,0.0,0.87,2.0,0.0
0.0,0.0,0.0,0.0,0.0,0.88,2.01,0.0
0.0,0.0,0.0,0.0,0.0,0.89,2.01,0.0
0.0,0.0,0.0,0.0,0.0,0.88,2.02,0.0
0.0,0.0,0.0,0.0,0.0,0.88,2.01,0.0
0.0,0.0,0.0,0.0,0.0,0.89,2.03,0.0
0.0,0.0,0.0,0.0,0.0,0.88,2.02,0.0
0.0,0.0,0.0,0.0,0.0,0.89,2.03,0.0
0.0,0.0,0.0,0.0,0.0,0.9,2.02,0.0
0.0,0.0,0.0,0.0,0.0,0.9,2.04,0.0
0.0,0.0,0.0,0.0,0.0,0.89,2.03,0.0
0.0,0.0,0.0,0.0,0.0,0.9,2.05,0.0
0.0,0.0,0.0,0.0,0.0,0.91,2.04,0.0
0.0,0.0,0.0,0.0,0.0,0.9,2.05,0.0
0.0,0.0,0.0,0.0,0.0,0.9,2.04,0.0
0.0,0.0,0.0,0.0,0.0,0.91,2.06,0.0
0.0,0.0,0.0,0.0,0.0,0.9,2.05,0.0
0.0,0.0,0.0,0.0,0.0,0.91,2.06,0.0
0.0,0.0,0.0,0.0,0.0,0.92,2.05,0.0
0.0,0.0,0.0,0.0,0.0,0.92,2.07,0.0
0.0,0.0,0.0,0.0,0.0,0.91,2.06,0.0
0.0,0.0,0.0,0.0,0.0,0.92,2.08,0.0
0.0,0.0,0.0,0.0,0.0,0.93,2.07,0.0
0.0,0.0,0.0,0.0,0.0,0.92,2.08,0.0
0.0,0.0,0.0,0.0,0.0,0.94,2.07,0.0
0.0,0.0,0.0,0.0,0.0,0.93,2.09,0.0
0.0,0.0,0.0,0.0,0.0,0.94,2.08,0.0
0.0,0.0,0.0,0.0,0.0,0.93,2.09,0.0
0.0,0.0,0.0,0.0,0.0,0.94,2.08,0.0
0.0,0.0,0.0,0.0,0.0,0.94,2.1,0.0
0.0,0.0,0.0,0.0,0.0,0.93,2.09,0.0
0.0,0.0,0.0,0.0,0.0,0.94,2.11,0.0
0.0,0.0,0.0,0.0,0.0,0.95,2.1,0.0
0.0,0.0,0.0,0.0,0.0,0.94,2.11,0.0
0.0,0.0,0.0,0.0,0.0,0.96,2.1,0.0
0.0,0.0,0.0,0.0,0.0,0.95,2.12,0.0
0.0,0.0,0.0,0.0,0.0,0.96,2.11,0.0
0.0,0.0,0.0,0.0,0.0,0.95,2.12,0.0
0.0,0.0,0.0,0.0,0.0,0.96,2.11,0.0
0.0,0.0,0.0,0.0,0.0,0.96,2.13,0.0
0.0,0.0,0.0,0.0,0.0,0.95,2.12,0.0
0.0,0.0,0.0,0.0,0.0,0.98,2.14,0.0
0.0,0.0,0.0,0.0,0.0,0.97,2.12,0.0
0.0,0.0,0.0,0.0,0.0,0.98,2.14,0.0
0.0,0.0,0.0,0.0,0.0,0.98,2.13,0.0
0.0,0.0,0.0,0.0,0.0,0.97,2.15,0.0
0.0,0.0,0.11,0.11,0.11,0.98,2.14,0.0
0.0,0.0,0.29,0.29,0.29,0.99,2.15,0.0
0.0,0.0,0.47,0.47,0.47,0.98,2.14,0.0
0.0,0.0,0.65,0.65,0.65,0.98,2.16,0.0
0.0,0.01,0.83,0.83,0.83,0.97,2.15,0.0
0.0,0.14,1.01,1.01,1.01,1.0,2.17,0.0
0.0,0.27,1.19,1.19,1.19,0.99,2.15,0.0
0.0,0.39,1.37,1.37,1.37,1.0,2.17,0.0
0.0,0.53,1.55,1.55,1.55,1.0,2.16,0.0
0.0,0.65,1.73,1.73,1.73,0.99,2.18,0.0
0.0,0.78,1.91,1.91,1.91,1.0,2.17,0.0
0.0,0.9,2.09,2.09,2.09,1.01,2.18,2.0
0.0,0.82,2.05,2.05,2.05,0.92,2.2,2.0
0.0,0.73,1.97,1.97,1.98,1.04,2.11,2.0
0.0,0.64,1.89,1.9,1.9,1.13,2.05,2.0
0.0,0.56,1.81,1.82,1.83,1.21,1.95,2.0
0.0,0.46,1.73,1.74,1.75,1.3,1.86,2.0
0.0,0.37,1.65,1.67,1.68,1.39,1.79,2.0
0.0,0.28,1.55,1.59,1.6,1.46,1.7,2.0
0.0,0.18,1.48,1.49,1.53,1.55,1.61,2.0
0.0,0.09,1.39,1.42,1.43,1.63,1.53,2.0
0.0,0.0,1.3,1.33,1.36,1.73,1.45,2.0
0.0,0.0,1.23,1.24,1.27,1.78,1.37,2.0
0.0,0.0,1.13,1.16,1.19,1.86,1.27,2.0
0.0,0.0,1.04,1.08,1.11,1.94,1.17,2.0
0.0,0.0,0.95,0.99,1.02,2.01,1.11,2.0
0.0,0.0,0.88,0.9,0.93,2.09,1.01,2.0
0.0,0.0,0.78,0.82,0.85,2.05,0.92,2.0
0.0,0.0,0.69,0.73,0.77,1.97,1.04,2.0
0.0,0.0,0.61,0.64,0.68,1.9,1.13,2.0
0.0,0.0,0.51,0.56,0.59,1.82,1.21,2.0
0.0,0.0,0.42,0.46,0.5,1.74,1.3,2.0
0.0,0.0,0.33,0.37,0.41,1.67,1.39,2.0
0.0,0.0,0.24,0.28,0.32,1.59,1.46,2.0
0.0,0.0,0.14,0.18,0.23,1.49,1.55,2.0
0.0,0.0,0.05,0.09,0.14,1.42,1.63,2.0
0.0,0.0,0.0,0.0,0.04,1.33,1.73,2.0
0.0,0.0,0.0,0.0,0.0,1.24,1.78,0.0
0.0,0.0,0.0,0.0,0.0,1.28,1.82,2.0
0.0,0.0,0.0,0.0,0.0,1.19,1.91,2.0
0.0,0.0,0.0,0.0,0.0,1.11,1.99,0.0
0.0,0.0,0.0,0.0,0.0,1.13,2.02,0.0
0.0,0.0,0.0,0.0,0.0,1.13,2.02,2.0
0.0,0.0,0.0,0.0,0.0,1.05,2.11,0.0
0.0,0.0,0.0,0.0,0.0,1.06,2.11,0.0
0.0,0.0,0.0,0.0,0.0,1.08,2.14,2.0
0.0,0.0,0.0,0.0,0.0,0.98,2.2,0.0
0.0,0.0,0.0,0.0,0.0,0.99,2.22,0.0
0.0,0.0,0.0,0.0,0.0,1.0,2.2,0.0
0.0,0.0,0.0,0.0,0.0,0.99,2.22,0.0
0.0,0.0,0.0,0.0,0.0,0.99,2.21,0.0
0.0,0.0,0.0,0.0,0.0,0.98,2.23,0.0
0.0,0.0,0.0,0.0,0.0,0.99,2.22,0.0
0.0,0.0,0.0,0.0,0.0,1.0,2.23,0.0
0.0,0.0,0.0,0.0,0.0,0.99,2.22,0.0
0.0,0.0,0.0,0.0,0.0,1.01,2.24,0.0
0.0,0.0,0.0,0.0,0.0,1.0,2.23,0.0
0.0,0.0,0.0,0.0,0.0,1.01,2.25,0.0
0.0,0.0,0.0,0.0,0.0,1.02,2.23,0.0
0.0,0.0,0.0,0.0,0.0,1.0,2.25,0.0
0.0,0.0,0.0,0.0,0.0,1.01,2.24,0.0
0.0,0.0,0.0,0.0,0.0,1.02,2.26,0.0
0.0,0.0,0.0,0.0,0.0,1.03,2.25,0.0
0.0,0.0,0.0,0.0,0.0,1.02,2.27,0.0
0.0,0.0,0.0,0.0,0.0,1.02,2.25,0.0
0.0,0.0,0.0,0.0,0.0,1.03,2.27,0.0
0.0,0.0,0.0,0.0,0.0,1.02,2.26,0.0
0.0,0.0,0.0,0.0,0.0,1.03,2.28,0.0
0.0,0.0,0.0,0.0,0.0,1.04,2.27,0.0
0.0,0.0,0.0,0.0,0.0,1.02,2.29,0.0
0.0,0.0,0.0,0.0,0.0,1.03,2.27,0.0
0.0,0.0,0.0,0.0,0.0,1.04,2.29,0.0
0.0,0.0,0.0,0.0,0.0,1.05,2.28,0.0
0.0,0.0,0.0,0.0,0.0,1.03,2.3,0.0
0.0,0.0,0.0,0.0,0.0,1.04,2.28,0.0
0.0,0.0,0.0,0.0,0.0,1.05,2.3,0.0
0.0,0.0,0.0,0.0,0.0,1.04,2.29,0.0
0.0,0.0,0.0,0.0,0.0,1.05,2.31,0.0
0.0,0.0,0.0,0.0,0.0,1.05,2.3,0.0
0.0,0.0,0.0,0.0,0.0,1.06,2.32,0.0
0.0,0.0,0.0,0.0,0.0,1.05,2.3,0.0
0.0,0.0,0.0,0.0,0.0,1.06,2.32,0.0
0.0,0.0,0.0,0.0,0.0,1.07,2.31,0.0
0.0,0.0,0.0,0.0,0.0,1.05,2.33,0.0
0.0,0.0,0.0,0.0,0.0,1.06,2.31,0.0
0.0,0.0,0.0,0.0,0.0,1.07,2.34,0.0
0.0,0.0,0.15,0.15,0.15,1.06,2.32,0.0
0.0,0.0,0.33,0.33,0.33,1.06,2.34,0.0
0.0,0.0,0.51,0.51,0.51,1.07,2.33,0.0
0.0,0.0,0.69,0.69,0.69,1.08,2.35,0.0
0.0,0.05,0.87,0.87,0.87,1.07,2.33,0.0
0.0,0.17,1.05,1.05,1.05,1.08,2.36,0.0
0.0,0.31,1.23,1.23,1.23,1.09,2.34,0.0
0.0,0.43,1.42,1.41,1.41,1.07,2.36,0.0
0.0,0.56,1.6,1.6,1.59,1.1,2.35,0.0
0.0,0.69,1.78,1.78,1.78,1.09,2.37,0.0
0.0,0.81,1.96,1.96,1.96,1.1,2.35,2.0
0.0,0.73,1.91,1.91,1.91,0.98,2.31,2.0
0.0,0.64,1.84,1.85,1.86,0.9,2.23,2.0
0.0,0.56,1.76,1.77,1.78,0.81,2.14,2.0
0.0,0.47,1.69,1.7,1.71,0.73,2.06,2.0
0.0,0.38,1.61,1.62,1.63,0.63,1.97,2.0
0.0,0.29,1.54,1.56,1.57,1.29,1.89,2.0
0.0,0.19,1.46,1.48,1.49,1.37,1.81,2.0
0.0,0.11,1.38,1.39,1.43,1.45,1.69,2.0
0.0,0.01,1.28,1.32,1.35,1.53,1.62,2.0
0.0,0.0,1.21,1.24,1.27,1.59,1.55,2.0
0.0,0.0,1.14,1.17,1.18,1.67,1.44,2.0
0.0,0.0,1.05,1.08,1.11,1.74,1.35,2.0
0.0,0.0,0.96,0.98,1.03,1.82,1.29,2.0
0.0,0.0,0.87,0.91,0.95,1.88,1.17,2.0
0.0,0.0,0.78,0.81,0.86,1.96,1.1,2.0
0.0,0.0,0.69,0.73,0.77,1.91,0.98,2.0
0.0,0.0,0.61,0.64,0.68,1.85,0.9,2.0
0.0,0.0,0.51,0.56,0.6,1.77,0.81,2.0
0.0,0.0,0.43,0.47,0.5,1.7,0.73,2.0
0.0,0.0,0.34,0.38,0.42,1.62,0.63,2.0
0.0,0.0,0.25,0.29,0.33,1.56,1.29,2.0
0.0,0.0,0.15,0.19,0.24,1.48,1.37,2.0
0.0,0.0,0.06,0.11,0.15,1.39,1.45,2.0
0.0,0.0,0.0,0.01,0.06,1.32,1.53,2.0
0.0,0.0,0.0,0.0,0.0,1.24,1.59,2.0
0.0,0.0,0.0,0.0,0.0,1.17,1.67,2.0
0.0,0.0,0.0,0.0,0.0,1.08,1.74,2.0
0.0,0.0,0.0,0.0,0.0,0.98,1.82,2.0
0.0,0.0,0.0,0.0,0.0,0.91,1.88,2.0
0.0,0.0,0.0,0.0,0.0,0.81,1.96,0.0
0.0,0.0,0.0,0.0,0.0,0.83,1.95,0.0
0.0,0.0,0.0,0.0,0.0,0.82,1.97,2.0
0.0,0.0,0.0,0.0,0.0,0.73,1.92,0.0
0.0,0.0,0.0,0.0,0.0,0.73,1.92,0.0
0.0,0.0,0.0,0.0,0.0,0.74,1.9,0.0
0.0,0.0,0.0,0.0,0.0,0.72,1.91,0.0
0.0,0.0,0.0,0.0,0.0,0.73,1.89,1.0
0.0,0.0,0.0,0.0,0.0,0.8,1.94,0.0
0.0,0.0,0.0,0.0,0.0,0.81,1.94,0.0
0.0,0.0,0.0,0.0,0.0,0.81,1.95,0.0
0.0,0.0,0.0,0.0,0.0,0.81,1.94,0.0
0.0,0.0,0.0,0.0,0.0,0.81,1.96,0.0
0.0,0.0,0.0,0.0,0.0,0.82,1.95,0.0
0.0,0.0,0.0,0.0,0.0,0.82,1.96,0.0
0.0,0.0,0.0,0.0,0.0,0.83,1.96,0.0
0.0,0.0,0.0,0.0,0.0,0.82,1.97,0.0
0.0,0.0,0.0,0.0,0.0,0.83,1.96,0.0
0.0,0.0,0.0,0.0,0.0,0.83,1.97,0.0
0.0,0.0,0.0,0.0,0.0,0.83,1.97,0.0
0.0,0.0,0.0,0.0,0.0,0.83,1.98,0.0
0.0,0.0,0.0,0.0,0.0,0.83,1.97,0.0
0.0,0.0,0.0,0.0,0.0,0.85,1.99,0.0
0.0,0.0,0.0,0.0,0.0,0.84,1.98,0.0
0.0,0.0,0.0,0.0,0.0,0.84,1.99,0.0
0.0,0.0,0.0,0.0,0.0,0.85,1.99,0.0
0.0,0.0,0.0,0.0,0.0,0.84,2.0,0.0
0.0,0.0,0.0,0.0,0.0,0.85,1.99,0.0
0.0,0.0,0.0,0.0,0.0,0.86,2.01,0.0
0.0,0.0,0.0,0.0,0.0,0.86,2.0,0.0
0.0,0.0,0.0,0.0,0.0,0.85,2.01,0.0
0.0,0.0,0.0,0.0,0.0,0.86,2.01,0.0
0.0,0.0,0.0,0.0,0.0,0.87,2.02,0.0
0.0,0.0,0.0,0.0,0.0,0.86,2.01,0.0
0.0,0.0,0.0,0.0,0.0,0.87,2.03,0.0
0.0,0.0,0.0,0.0,0.0,0.87,2.02,0.0
0.0,0.0,0.0,0.0,0.0,0.86,2.03,1.0
0.0,0.0,0.0,0.0,0.0,0.95,1.97,0.0
0.0,0.0,0.0,0.0,0.0,0.96,1.97,2.0
0.0,0.0,0.0,0.0,0.0,0.88,2.03,0.0
0.0,0.0,0.0,0.0,0.0,0.87,2.05,0.0
0.0,0.0,0.0,0.0,0.0,0.88,2.04,0.0
0.0,0.0,0.0,0.0,0.0,0.89,2.06,0.0
0.0,0.0,0.0,0.0,0.0,0.88,2.05,0.0
0.0,0.0,0.0,0.0,0.0,0.9,2.06,0.0
0.0,0.0,0.0,0.0,0.0,0.89,2.05,0.0
0.0,0.0,0.0,0.0,0.0,0.9,2.07,1.0
0.0,0.0,0.0,0.0,0.0,0.98,2.0,0.0
0.0,0.0,0.0,0.0,0.0,0.98,2.0,0.0
0.0,0.0,0.0,0.0,0.0,1.0,2.02,0.0
0.0,0.0,0.0,0.0,0.0,1.01,2.02,0.0
0.0,0.0,0.0,0.0,0.0,1.03,2.04,0.0
0.0,0.0,0.0,0.0,0.0,1.03,2.04,0.0
0.0,0.0,0.0,0.0,0.0,1.04,2.07,2.0
0.0,0.0,0.0,0.0,0.0,0.95,2.12,0.0
0.0,0.0,0.0,0.0,0.0,0.96,2.14,0.0
0.0,0.0,0.0,0.0,0.0,0.95,2.15,0.0
0.0,0.0,0.0,0.0,0.0,0.95,2.14,0.0
0.0,0.0,0.0,0.0,0.0,0.96,2.16,0.0
0.0,0.0,0.0,0.0,0.0,0.95,2.15,0.0
0.0,0.0,0.0,0.0,0.0,0.96,2.16,0.0
0.0,0.0,0.0,0.0,0.0,0.96,2.16,0.0
0.0,0.0,0.0,0.0,0.0,0.97,2.17,0.0
0.0,0.0,0.0,0.0,0.0,0.96,2.16,0.0
0.0,0.0,0.0,0.0,0.0,0.97,2.17,0.0
0.0,0.0,0.0,0.0,0.0,0.98,2.17,0.0
0.0,0.0,0.0,0.0,0.0,0.97,2.18,0.0
0.0,0.0,0.01,0.0,0.0,0.99,2.18,0.0
0.0,0.0,0.18,0.18,0.18,0.98,2.19,0.0
0.0,0.0,0.36,0.36,0.36,0.99,2.18,0.0
0.0,0.0,0.54,0.54,0.54,0.98,2.19,0.0
0.0,0.0,0.72,0.72,0.72,0.98,2.19,0.0
0.0,0.07,0.9,0.9,0.9,0.99,2.2,0.0
0.0,0.21,1.08,1.08,1.08,0.98,2.2,0.0
0.0,0.33,1.26,1.25,1.25,0.99,2.21,0.0
0.0,0.46,1.43,1.43,1.43,1.0,2.2,0.0
0.0,0.6,1.61,1.61,1.61,0.99,2.21,0.0
0.0,0.73,1.79,1.79,1.79,1.01,2.21,0.0
2.63,1.26,0.0,0.0,0.0,0.0,0.0,1.0
2.55,1.18,0.0,0.0,0.0,0.0,0.0,1.0
2.31,1.28,0.0,0.0,0.0,0.0,0.0,1.0
2.44,1.2,0.0,0.0,0.0,0.0,0.0,1.0
2.25,1.29,0.0,0.0,0.0,0.0,0.0,1.0
2.32,1.18,0.0,0.0,0.0,0.0,0.0,1.0
2.67,1.31,0.0,0.0,0.0,0.0,0.0,1.0
2.63,1.21,0.0,0.0,0.0,0.0,0.0,1.0
1.99,1.29,0.0,0.0,0.0,1.28,1.95,0.0
2.01,1.33,0.0,0.0,0.0,1.31,1.97,0.0
2.01,1.33,0.0,0.0,0.0,1.31,1.97,0.0
2.03,1.35,0.0,0.0,0.0,1.34,2.0,0.0
2.03,1.35,0.0,0.0,0.0,1.34,1.99,0.0
2.05,1.37,0.0,0.0,0.0,1.34,2.02,0.0
2.05,1.4,0.0,0.0,0.0,1.37,2.05,0.0
2.07,1.42,0.0,0.0,0.0,1.39,2.03,0.0
2.11,1.41,0.0,0.0,0.0,1.39,2.07,0.0
2.13,1.44,0.0,0.0,0.0,1.39,2.1,0.0
2.15,1.43,0.0,0.0,0.0,1.42,2.08,0.0
2.15,1.43,0.0,0.0,0.0,1.41,2.12,0.0
2.15,1.45,0.0,0.0,0.0,1.44,2.09,0.0
2.16,1.48,0.0,0.0,0.0,1.45,2.13,0.0
2.16,1.5,0.0,0.0,0.0,1.44,2.11,0.0
2.18,1.5,0.0,0.0,0.0,1.48,2.15,0.0
2.18,1.52,0.0,0.0,0.0,1.51,2.18,0.0
2.19,1.51,0.0,0.0,0.0,1.47,2.16,0.0
2.19,1.54,0.0,0.0,0.0,1.51,2.2,0.0
2.27,0.0,0.0,0.0,0.0,0.0,2.24,0.0
2.26,0.0,0.0,0.0,0.0,0.0,2.21,0.0
2.28,0.0,0.0,0.0,0.0,0.0,2.25,0.0
0.84,0.0,0.0,0.0,0.0,0.0,0.0,0.0
0.82,0.0,0.0,0.0,0.0,0.0,0.0,0.0
0.8,0.0,0.0,0.0,0.0,0.0,0.0,0.0
0.78,0.0,0.0,0.0,0.0,0.0,0.0,0.0
0.76,0.0,0.0,0.0,0.0,0.0,0.0,0.0
0.43,1.6,0.0,1.39,1.4,1.16,0.0,2.0
0.39,1.6,0.0,1.4,1.41,1.3,0.0,2.0
0.32,1.53,0.0,0.0,1.33,1.38,0.0,2.0
0.38,1.46,0.0,0.0,0.0,1.46,0.0,2.0
0.45,1.39,0.0,0.0,0.0,1.54,0.0,2.0
0.51,1.3,0.0,0.0,0.0,1.61,0.0,0.0
0.47,1.39,0.0,0.0,0.0,1.69,0.0,0.0
0.45,1.44,0.0,0.0,0.0,1.75,0.47,0.0
0.42,1.53,0.0,0.0,0.0,1.83,0.53,0.0
0.26,1.58,0.0,0.0,0.0,1.89,0.59,0.0
0.32,1.64,0.0,0.0,0.0,1.95,0.63,0.0
0.38,1.71,0.0,0.0,0.0,2.06,0.68,0.0
0.44,0.0,0.0,0.0,0.0,2.12,0.76,0.0
0.5,0.0,0.0,0.0,0.0,2.21,0.8,0.0
0.56,0.0,0.0,0.0,0.0,0.02,0.86,0.0
0.62,0.0,0.0,0.0,0.0,0.08,0.93,0.0
0.19,0.0,0.0,0.0,0.0,0.14,1.0,0.0
0.17,0.0,0.0,0.0,0.0,0.2,0.0,0.0
0.13,0.0,0.0,0.0,0.0,0.26,0.0,0.0
0.0,0.0,0.31,0.31,0.31,0.0,0.0,0.0
0.0,0.0,0.62,0.62,0.62,0.0,0.0,0.0
0.0,0.09,0.93,0.93,0.93,0.04,0.0,0.0
0.0,0.31,1.24,1.24,1.24,0.27,0.0,0.0
0.0,0.53,1.55,1.55,1.55,0.49,0.0,0.0
0.0,0.75,1.86,1.86,1.86,0.71,0.0,0.0
0.0,0.97,2.18,2.17,2.17,0.94,0.0,1.0
0.0,1.07,2.12,2.12,2.11,0.84,0.0,1.0
0.0,1.15,2.04,2.03,2.02,0.76,0.0,1.0
0.0,1.24,1.95,1.94,1.93,0.65,0.0,1.0
0.0,1.33,1.89,1.88,1.87,0.58,0.0,1.0
0.06,1.41,1.81,1.79,1.78,0.47,0.0,1.0
0.15,1.48,1.72,1.71,1.69,0.38,0.0,1.0
0.25,1.56,1.66,1.62,1.61,0.29,0.0,1.0
0.34,1.65,1.58,1.54,1.53,0.19,0.0,1.0
0.44,1.73,1.5,1.46,1.42,0.1,0.0,1.0
0.52,1.82,1.39,1.38,1.35,0.0,0.0,1.0
0.62,1.91,1.32,1.29,1.26,0.0,0.0,1.0
0.7,1.97,1.25,1.2,1.17,0.0,0.0,1.0
0.81,2.06,1.16,1.11,1.07,0.0,0.0,1.0
0.89,2.11,1.05,1.03,0.99,0.0,0.0,1.0
0.97,2.17,0.98,0.94,0.91,0.0,0.0,1.0
1.07,2.12,0.89,0.84,0.8,0.0,0.0,1.0
1.15,2.03,0.8,0.76,0.72,0.0,0.0,1.0
1.24,1.94,0.71,0.65,0.62,0.0,0.0,1.0
1.33,1.88,0.61,0.58,0.53,0.0,0.0,1.0
1.41,1.79,0.52,0.47,0.43,0.0,0.0,1.0
1.48,1.71,0.43,0.38,0.34,0.0,0.0,1.0
1.56,1.62,0.33,0.29,0.24,0.0,0.0,1.0
1.65,1.54,0.24,0.19,0.15,0.0,0.0,1.0
1.73,1.46,0.14,0.1,0.05,0.0,0.0,1.0
1.82,1.38,0.05,0.0,0.0,0.0,0.0,1.0
1.91,1.29,0.0,0.0,0.0,0.0,0.0,1.0
1.97,1.2,0.0,0.0,0.0,0.0,0.0,1.0
2.06,1.11,0.0,0.0,0.0,0.0,0.0,1.0
2.11,1.03,0.0,0.0,0.0,0.0,0.0,1.0
2.17,0.94,0.0,0.0,0.0,0.0,0.0,1.0
2.12,0.84,0.0,0.0,0.0,0.0,0.0,1.0
2.03,0.76,0.0,0.0,0.0,0.0,0.0,1.0
1.94,0.65,0.0,0.0,0.0,0.0,0.0,1.0
1.88,0.58,0.0,0.0,0.0,0.0,0.0,1.0
1.79,0.47,0.0,0.0,0.0,0.0,0.0,1.0
1.71,0.38,0.0,0.0,0.0,0.0,0.0,1.0
1.62,0.29,0.0,0.0,0.0,0.0,0.0,1.0
1.54,0.19,0.0,0.0,0.0,0.0,0.0,1.0
1.46,0.1,0.0,0.0,0.0,0.0,0.0,1.0
0.0,0.0,0.02,0.01,0.01,0.0,0.0,0.0
0.0,0.0,0.11,0.11,0.11,0.0,0.0,0.0
0.0,0.0,0.2,0.2,0.2,0.0,0.0,0.0
0.0,0.0,0.2,0.2,0.2,0.0,0.0,0.0
0.0,0.0,0.34,0.34,0.34,0.0,0.0,0.0
0.0,0.0,0.47,0.47,0.47,0.0,0.0,0.0
0.0,0.0,0.61,0.61,0.61,0.0,0.0,0.0
0.0,0.0,0.74,0.74,0.74,0.0,0.0,0.0
0.0,0.07,0.88,0.88,0.88,0.0,0.0,0.0
0.0,0.17,1.02,1.01,1.01,0.0,0.0,0.0
0.0,0.27,1.15,1.16,1.15,0.2,0.0,0.0
0.0,0.37,1.29,1.28,1.29,0.29,0.0,0.0
0.0,0.0,0.0,0.0,0.0,0.0,0.06,1.0
0.0,0.0,0.0,0.0,0.0,0.0,0.15,2.0
0.0,0.0,0.0,0.0,0.0,0.0,0.06,0.0
0.0,0.0,0.0,0.0,0.0,0.0,0.06,0.0
0.0,0.0,0.0,0.0,0.0,0.0,0.05,0.0
0.0,0.0,0.0,0.0,0.0,0.0,0.05,0.0
0.0,0.0,0.0,0.0,0.0,0.0,0.05,0.0
0.0,0.0,0.0,0.0,0.0,0.0,0.05,0.0
0.0,0.0,0.0,0.0,0.0,0.0,0.09,1.0
0.0,0.0,0.0,0.0,0.0,0.0,0.17,0.0
0.0,0.0,0.0,0.0,0.0,0.0,0.16,0.0
0.0,0.0,0.27,0.25,0.26,0.0,0.0,0.0
0.0,0.11,0.98,0.98,0.98,0.08,0.0,0.0
0.0,0.12,1.0,0.99,1.0,0.09,0.0,0.0
0.0,0.12,1.01,1.01,1.0,0.1,0.0,0.0
0.0,0.13,1.01,1.01,1.01,0.11,0.0,0.0
0.0,0.13,1.02,1.02,1.02,0.12,0.0,0.0
0.0,0.14,1.03,1.02,1.03,0.12,0.0,0.0
0.0,0.14,1.03,1.02,1.03,0.12,0.0,0.0
0.0,0.14,1.03,1.02,1.03,0.12,0.0,0.0
0.0,0.14,1.03,1.02,1.03,0.12,0.0,0.0
0.0,0.14,1.03,1.02,1.03,0.12,0.0,0.0
0.0,0.14,1.03,1.02,1.03,0.12,0.0,0.0
0.0,0.3,1.25,1.26,1.25,0.27,0.0,0.0
0.0,0.46,1.48,1.47,1.48,0.43,0.0,0.0
0.65,0.0,0.39,0.42,0.49,1.79,2.16,2.0
0.62,0.0,0.32,0.37,0.37,1.72,2.33,2.0
0.56,0.0,0.21,0.26,0.32,1.65,2.33,2.0
0.5,0.0,0.13,0.17,0.21,1.51,2.45,2.0
0.44,0.07,0.11,0.08,0.12,1.45,2.56,2.0
0.38,0.14,0.01,0.06,0.03,1.34,2.67,2.0
0.31,0.22,0.0,0.0,0.01,1.23,2.68,2.0
0.25,0.29,0.0,0.0,0.0,1.18,2.56,2.0
0.17,0.37,0.0,0.0,0.0,1.1,2.44,2.0
0.0,0.62,0.0,0.0,0.0,0.37,1.72,0.0
0.0,0.6,0.0,0.0,0.0,0.25,1.63,0.0
0.0,0.64,0.0,0.0,0.0,0.22,1.61,1.0
0.0,0.68,0.0,0.0,0.0,0.33,1.73,1.0
0.0,0.74,0.0,0.0,0.0,0.42,1.8,1.0
0.0,0.79,0.0,0.0,0.0,0.51,1.84,0.0
0.0,0.83,0.0,0.0,0.0,0.48,1.87,1.0
0.0,0.87,0.0,0.0,0.0,0.59,1.94,0.0
0.0,0.79,0.0,0.0,0.0,0.58,1.96,0.0
0.0,0.8,0.0,0.0,0.0,0.55,1.95,0.0
0.0,0.82,0.0,0.0,0.0,0.56,1.91,0.0
0.0,0.84,0.0,0.0,0.0,0.55,1.87,0.0
0.59,0.0,1.37,0.77,0.8,2.09,1.89,2.0
1.57,0.0,1.19,1.25,0.65,1.99,2.07,2.0
1.5,0.0,1.1,1.14,0.56,1.9,2.16,2.0
1.44,0.0,1.0,1.03,0.45,1.8,2.26,2.0
1.37,0.0,0.92,0.95,1.0,1.71,2.29,2.0
1.3,0.0,0.81,0.84,0.9,1.62,2.39,2.0
1.23,0.0,0.74,0.76,0.81,1.49,2.5,2.0
1.16,0.0,0.63,0.69,0.71,1.42,2.61,2.0
1.08,0.05,0.54,0.57,0.64,1.35,2.64,2.0
0.99,0.14,0.44,0.48,0.53,1.25,2.6,2.0
0.92,0.23,0.34,0.39,0.44,1.13,2.5,2.0
0.84,0.33,0.25,0.29,0.34,1.03,2.4,2.0
0.76,0.41,0.16,0.19,0.24,0.97,2.3,2.0
0.67,0.5,0.05,0.1,0.15,0.88,2.19,2.0
0.59,0.59,0.0,0.0,0.05,0.77,2.09,2.0
0.06,1.3,0.0,0.0,0.0,0.84,1.62,0.0
0.0,1.27,0.0,0.0,0.0,0.76,1.5,0.0
0.03,1.32,0.0,0.0,0.0,0.76,1.48,0.0
0.06,1.34,0.0,0.0,0.0,0.75,1.47,1.0
0.15,1.42,0.0,0.0,0.0,0.84,1.53,1.0
0.24,1.5,0.0,0.0,0.0,0.92,1.59,0.0
0.28,1.52,0.0,0.0,0.0,0.91,1.62,1.0
0.37,1.6,0.0,0.0,0.0,1.01,1.68,0.0
0.39,1.64,0.0,0.0,0.0,1.0,1.66,0.0
0.42,1.68,0.0,0.0,0.0,1.0,1.64,0.0
0.46,0.97,0.0,0.0,0.0,1.01,2.29,0.0
1.72,1.04,0.37,0.29,0.34,1.75,2.12,2.0
1.66,1.13,0.39,1.36,0.25,1.66,2.24,2.0
1.57,1.23,0.37,0.38,0.15,1.58,2.37,2.0
1.49,1.29,0.33,0.34,0.35,1.45,2.46,0.0
1.51,1.32,0.37,0.38,0.39,1.44,2.42,0.0
1.36,0.13,0.52,0.55,0.62,1.89,2.11,2.0
1.43,0.2,0.43,0.48,0.54,1.85,2.22,2.0
1.5,0.3,0.34,0.39,0.42,1.75,2.3,2.0
1.56,0.38,0.25,0.29,0.35,1.62,2.38,2.0
1.63,0.47,0.0,0.2,0.23,1.6,2.54,2.0
1.7,0.55,0.0,0.0,0.15,1.5,2.54,2.0
0.93,0.64,0.0,0.0,0.0,1.39,2.66,2.0
0.84,0.71,0.0,0.0,0.0,1.3,2.66,2.0
0.75,0.8,0.0,0.0,0.0,1.21,2.5,0.0
0.77,0.8,0.0,0.0,0.0,1.19,2.49,0.0
0.8,0.81,0.0,0.0,0.0,1.24,2.57,0.0
1.69,2.02,0.7,0.64,0.6,0.0,0.65,1.0
1.9,1.84,0.5,0.45,0.4,0.0,0.49,1.0
1.97,1.73,0.41,0.36,0.31,0.0,0.42,1.0
2.05,1.66,0.31,0.26,0.21,0.0,0.33,1.0
2.13,1.57,0.21,0.16,0.11,0.0,0.24,1.0
2.21,1.47,0.11,0.4,0.38,0.0,0.16,1.0
2.29,1.41,0.37,0.33,0.3,0.0,0.07,1.0
2.4,1.31,0.29,0.27,0.23,0.0,0.0,1.0
2.48,1.21,0.23,0.19,0.15,0.0,0.0,1.0
2.41,1.12,0.15,0.11,0.08,0.07,0.0,0.0
2.44,1.1,0.18,0.14,0.1,0.05,0.0,0.0
2.4,1.11,0.2,0.16,0.13,0.03,0.0,0.0
1.56,2.3,0.94,0.92,0.86,0.0,0.8,1.0
1.78,2.08,0.75,0.7,0.64,0.0,0.94,1.0
1.84,2.01,0.67,0.61,0.55,0.0,1.0,1.0
1.91,1.94,0.57,0.5,0.45,0.0,1.06,1.0
1.98,1.88,0.46,0.41,0.36,0.03,1.11,1.0
2.12,1.75,0.36,0.31,0.26,0.11,1.16,1.0
2.19,1.63,0.26,0.21,0.16,0.2,1.22,1.0
2.26,1.58,0.16,0.11,0.06,0.27,1.27,1.0
2.34,1.48,0.05,0.01,0.0,0.35,1.24,1.0
2.41,1.38,0.0,0.0,0.0,0.43,1.19,1.0
2.56,1.25,0.0,0.0,0.0,0.51,1.14,1.0
2.52,1.17,0.0,0.0,0.0,0.59,0.0,1.0
2.45,1.07,0.0,0.0,0.0,0.66,0.0,1.0
1.79,0.41,0.03,0.06,0.1,1.22,0.0,2.0
1.79,0.41,0.03,0.06,0.1,1.22,0.0,2.0
2.25,0.91,0.0,0.0,0.0,0.87,1.11,0.0
2.32,0.97,0.0,0.0,0.0,0.8,1.19,0.0
2.34,0.99,0.0,0.0,0.0,0.82,1.19,0.0
2.31,0.99,0.0,0.0,0.0,0.83,1.21,0.0
2.33,0.99,0.0,0.0,0.0,0.84,1.21,0.0
2.3,0.98,0.0,0.0,0.0,0.85,1.24,0.0
2.32,0.98,0.0,0.0,0.0,0.85,1.25,0.0
2.29,1.44,0.25,0.2,0.15,0.44,1.61,1.0
2.4,1.32,0.16,0.11,0.08,0.53,1.65,1.0
1.67,0.91,0.64,0.67,0.71,1.77,0.66,2.0
1.53,1.07,0.46,0.5,0.54,1.65,0.82,2.0
1.46,1.15,0.0,0.0,0.45,1.6,0.89,2.0
1.37,1.23,0.0,0.0,0.0,1.53,0.98,0.0
1.39,1.26,0.0,0.0,0.0,1.54,0.99,0.0
1.41,1.26,0.02,0.0,0.0,1.57,1.02,0.0
1.43,1.27,0.02,0.0,0.0,1.6,1.05,0.0
1.43,1.28,0.04,0.0,0.0,1.62,1.07,0.0
1.45,1.31,0.05,0.0,0.0,1.65,1.08,0.0
1.47,1.32,0.06,0.02,0.0,1.67,1.1,0.0
1.71,1.53,0.25,0.21,0.16,2.12,1.48,2.0
1.64,1.63,0.35,0.31,0.27,2.03,1.56,2.0
1.55,1.72,0.44,0.4,0.36,1.96,1.68,0.0
1.57,1.76,0.46,0.42,0.38,2.0,1.68,0.0
1.87,0.53,0.95,0.93,0.92,0.0,0.0,1.0
1.87,0.53,0.95,0.93,0.92,0.0,0.0,1.0
1.77,0.44,0.89,0.86,0.85,0.0,0.0,1.0
1.73,0.35,0.82,0.8,0.78,0.0,0.0,1.0
1.64,0.25,0.76,0.73,0.71,0.0,0.07,1.0
1.56,0.16,0.69,0.66,0.63,0.0,0.16,1.0
1.44,0.07,0.62,0.58,0.55,0.0,0.26,1.0
1.36,1.19,0.53,0.5,0.47,0.0,0.35,1.0
1.26,1.24,0.46,0.43,0.39,0.0,0.43,0.0
1.23,1.27,0.49,0.46,0.42,0.0,0.41,0.0
1.79,2.06,0.75,0.71,0.66,0.0,0.0,1.0
1.88,1.97,0.67,0.63,0.58,0.0,0.0,1.0
2.03,1.89,0.58,0.53,0.49,0.0,0.07,1.0
2.11,1.82,0.48,0.44,0.38,0.0,0.13,1.0
2.19,1.75,0.39,0.34,0.28,0.0,0.19,1.0
2.27,1.62,0.3,0.24,0.2,0.0,0.24,1.0
2.35,1.55,0.19,0.14,0.09,0.0,0.29,1.0
2.43,1.5,0.09,0.05,0.0,0.0,0.34,1.0
2.52,1.38,0.0,0.0,0.0,0.0,0.37,1.0
2.6,1.28,0.0,0.0,0.0,0.0,0.42,1.0
2.54,1.19,0.0,0.0,0.0,0.0,0.45,1.0
2.04,0.71,0.0,0.0,0.0,0.0,0.45,0.0
1.93,0.62,0.0,0.0,0.0,0.02,0.42,0.0
1.97,0.6,0.0,0.0,0.0,0.02,0.42,2.0
2.04,0.7,0.0,0.0,0.0,0.0,0.46,2.0
2.48,1.16,0.0,0.0,0.0,0.0,0.47,0.0
2.56,1.25,0.0,0.0,0.0,0.0,0.42,0.0
1.03,0.0,0.27,1.03,1.07,2.37,1.43,2.0
1.08,0.0,0.21,0.96,0.99,2.26,1.53,2.0
1.18,0.0,0.13,0.89,0.9,2.21,1.61,2.0
1.24,0.0,0.04,0.06,0.81,2.11,1.7,2.0
1.32,0.03,0.0,0.0,0.75,2.05,1.79,2.0
1.4,0.12,0.0,0.0,0.09,1.95,1.89,2.0
1.48,0.21,0.0,0.0,0.16,1.88,2.04,2.0
1.55,0.31,0.0,0.0,0.0,1.79,2.1,2.0
1.62,0.4,0.0,0.0,0.0,1.7,2.2,2.0
1.71,0.48,0.0,0.0,0.0,1.61,2.26,2.0
1.77,0.57,0.0,0.0,0.0,1.53,2.37,2.0
1.74,0.99,0.0,0.0,0.0,1.05,2.37,0.0
1.68,1.09,0.0,0.0,0.0,0.19,2.31,0.0
1.68,1.1,0.0,0.0,0.0,0.21,2.3,0.0
2.23,0.92,0.88,0.87,0.86,0.0,1.01,1.0
2.23,0.92,0.88,0.87,0.86,0.0,1.01,1.0
2.16,0.84,0.84,0.81,0.81,0.0,1.06,1.0
1.56,2.07,0.78,0.74,0.7,1.2,1.26,1.0
1.68,2.0,0.7,0.67,0.63,1.3,1.2,1.0
1.78,1.95,0.6,0.57,0.53,1.37,1.13,1.0
1.89,1.83,0.52,0.48,0.43,1.44,1.04,1.0
1.95,1.73,0.44,0.39,0.34,1.5,0.97,1.0
2.06,1.68,0.34,0.29,0.25,1.58,0.88,1.0
2.12,1.58,0.24,0.2,0.16,1.63,0.8,1.0
2.24,1.49,0.15,0.11,0.06,1.71,0.72,1.0
2.3,1.4,0.06,0.01,0.0,1.73,0.63,1.0
2.42,1.28,0.0,0.0,0.0,1.69,0.54,1.0
2.18,0.83,1.12,1.15,1.18,1.34,0.11,2.0
2.18,0.83,1.12,1.15,1.18,1.34,0.11,2.0
2.3,0.95,0.0,1.07,1.1,1.42,0.2,2.0
2.36,1.02,0.0,0.0,1.02,1.48,0.29,2.0
2.49,1.11,0.0,0.0,0.0,1.56,0.38,2.0
2.49,1.21,0.0,0.0,0.0,1.62,0.46,0.0
2.52,1.19,0.0,0.0,0.0,1.65,0.5,0.0
2.49,1.21,0.0,0.0,0.0,1.69,0.52,0.0
1.36,0.09,0.0,0.12,0.65,1.99,2.0,2.0
1.41,0.17,0.0,0.15,0.58,1.86,2.04,2.0
1.49,0.26,0.0,0.0,0.49,1.83,2.18,2.0
1.57,0.35,0.0,0.0,0.31,1.75,2.26,2.0
1.64,0.44,0.0,0.0,0.0,1.66,2.33,2.0
1.7,0.52,0.0,0.0,0.0,1.55,2.48,2.0
1.77,0.62,0.0,0.0,0.0,1.46,2.48,2.0
1.84,0.69,0.0,0.0,0.0,1.37,2.63,2.0
1.63,1.04,0.0,0.0,0.0,0.97,2.32,0.0
1.64,1.06,0.0,0.0,0.0,0.24,2.31,0.0
2.04,0.74,0.78,0.78,0.76,0.0,1.19,1.0
2.04,0.74,0.78,0.78,0.76,0.0,1.19,1.0
1.94,0.65,0.75,0.74,0.72,0.0,1.25,1.0
1.86,0.55,0.7,0.68,0.66,0.0,1.33,1.0
1.79,0.46,0.64,0.62,0.59,0.0,1.38,1.0
1.69,0.37,0.58,0.56,0.55,0.0,1.44,1.0
1.62,0.28,0.52,0.5,0.47,0.0,1.5,1.0
1.53,0.18,0.47,0.44,0.41,0.0,1.47,1.0
1.42,0.75,0.41,0.37,0.34,0.0,1.42,1.0
1.34,0.8,0.33,0.31,0.27,0.69,1.37,0.0
1.32,0.87,0.39,0.35,0.33,0.0,1.38,0.0
1.27,0.93,0.45,0.42,0.38,0.0,1.38,1.0
1.19,0.98,0.38,0.34,0.31,0.0,1.32,1.0
1.12,1.04,0.3,0.27,0.23,0.87,1.25,0.0
1.07,1.1,0.35,0.32,0.28,0.0,1.28,0.0
1.93,1.92,0.54,0.48,0.44,0.0,1.1,1.0
2.03,1.8,0.44,0.4,0.35,0.05,1.15,1.0
2.1,1.74,0.34,0.3,0.24,0.13,1.19,1.0
2.17,1.63,0.25,0.19,0.15,0.21,1.25,1.0
2.24,1.57,0.14,0.1,0.05,0.3,1.3,1.0
2.38,1.43,0.05,0.0,0.0,0.38,1.27,1.0
2.45,1.35,0.0,0.0,0.0,0.46,1.23,1.0
2.52,1.27,0.0,0.0,0.0,0.54,1.18,1.0
2.53,1.19,0.0,0.0,0.0,0.61,1.12,1.0
1.87,0.61,0.0,0.0,0.0,1.45,1.73,0.0
1.95,0.7,0.0,0.0,0.0,0.19,1.82,0.0
1.57,0.79,0.88,0.89,0.88,0.98,2.21,0.0
1.52,0.88,0.94,0.95,0.95,0.1,2.14,0.0
1.52,0.89,0.99,1.0,1.0,0.14,2.15,0.0
1.54,0.88,1.04,1.05,1.05,0.17,2.14,0.0
1.53,0.89,1.09,1.1,1.1,0.22,2.15,0.0
1.76,1.23,2.5,2.5,2.51,1.31,0.0,1.0
1.84,1.32,2.63,2.63,2.62,1.23,0.0,1.0
1.92,1.42,2.55,2.55,2.53,1.14,0.0,1.0
1.99,1.52,2.46,2.44,2.44,1.05,0.0,1.0
1.93,1.57,2.37,2.35,2.35,0.96,0.0,1.0
1.87,1.7,2.27,2.27,2.26,0.86,0.0,1.0
0.41,1.77,2.18,2.18,2.17,0.77,0.0,1.0
0.5,1.91,2.09,2.09,2.09,0.67,0.0,1.0
0.61,1.99,2.01,2.0,1.93,0.55,0.0,1.0
0.7,2.02,1.92,1.92,1.85,0.47,0.0,1.0
0.79,2.1,1.83,1.84,1.78,0.36,0.0,1.0
0.87,2.18,1.74,1.7,1.71,0.26,0.03,1.0
0.98,2.36,1.66,1.63,1.6,0.16,0.12,1.0
1.04,2.36,1.58,1.49,1.48,0.06,0.22,1.0
1.15,2.45,1.5,1.43,1.37,0.0,0.31,1.0
1.27,2.54,1.43,1.37,1.32,0.0,0.4,1.0
1.32,2.63,1.33,1.23,1.2,0.0,0.5,1.0
1.42,2.55,1.2,1.14,1.08,0.0,0.6,1.0
1.52,2.44,1.09,1.05,1.01,0.0,0.71,1.0
1.57,2.35,1.03,0.96,0.9,0.0,0.63,1.0
1.7,2.27,0.9,0.86,0.8,0.0,0.54,1.0
1.77,2.18,0.82,0.77,0.7,0.0,0.45,1.0
1.91,2.09,0.72,0.67,0.61,0.0,0.35,1.0
1.99,2.0,0.61,0.55,0.51,0.0,0.25,1.0
2.02,1.92,0.51,0.47,0.41,0.0,0.17,1.0
2.1,1.84,0.42,0.36,0.32,0.0,0.07,1.0
2.18,1.7,0.31,0.26,0.21,0.03,0.0,1.0
2.36,1.63,0.22,0.16,0.11,0.12,0.0,1.0
2.36,1.49,0.11,0.06,0.01,0.22,0.0,1.0
2.45,1.43,0.01,0.0,0.0,0.31,0.0,1.0
2.54,1.37,0.0,0.0,0.0,0.4,0.0,1.0
2.63,1.23,0.0,0.0,0.0,0.5,0.0,1.0
2.55,1.14,0.0,0.0,0.0,0.6,0.0,1.0
2.44,1.05,0.0,0.0,0.0,0.71,0.0,1.0
2.35,0.96,0.0,0.0,0.0,0.63,0.0,1.0
1.11,0.91,1.01,1.01,1.01,1.02,2.31,0.0
1.07,0.98,1.04,1.04,1.04,0.9,2.24,0.0
1.07,1.01,1.09,1.09,1.09,0.91,2.22,0.0
1.1,1.02,1.14,1.14,1.14,0.91,2.24,0.0
1.11,1.04,1.18,1.19,1.19,0.92,2.22,0.0
1.13,1.05,1.23,1.24,1.24,0.9,2.22,0.0
1.13,1.07,1.28,1.29,1.29,0.89,2.2,0.0
1.16,1.08,1.33,1.34,1.34,0.44,2.22,0.0
1.17,1.1,1.38,1.38,1.39,0.47,2.2,0.0
1.19,1.11,1.43,1.43,1.44,0.5,2.18,0.0
1.19,1.12,1.48,1.48,1.49,0.54,2.19,0.0
1.22,1.13,1.53,1.53,1.53,0.58,2.16,0.0
1.24,1.15,1.58,1.58,1.58,0.62,2.18,0.0
1.24,1.16,1.63,1.63,1.63,0.65,2.16,0.0
1.26,1.18,1.68,1.68,1.68,0.69,2.18,0.0
1.27,1.2,1.73,1.73,1.73,0.73,2.16,0.0
1.3,1.21,1.78,1.78,1.78,0.76,2.16,0.0
1.3,1.23,1.83,1.83,1.83,0.81,2.14,0.0
1.32,1.24,1.87,1.88,1.88,0.84,2.16,0.0
1.33,1.25,1.92,1.93,1.93,0.87,0.0,0.0
1.36,1.27,1.97,1.97,1.98,0.92,0.0,0.0
1.36,0.0,2.02,2.02,2.03,0.95,0.0,1.0
1.43,0.9,2.07,2.07,2.07,0.87,0.0,1.0
1.5,0.98,2.0,2.0,1.99,0.77,0.0,1.0
1.59,1.07,1.93,1.93,1.92,0.68,0.0,1.0
1.66,1.16,1.86,1.85,1.84,0.6,2.09,1.0
1.73,1.24,1.79,1.78,1.76,0.5,2.02,1.0
1.8,1.33,1.71,1.7,1.69,0.41,1.95,1.0
1.84,1.42,1.64,1.63,1.61,0.32,1.85,1.0
1.78,1.48,1.57,1.56,1.52,0.23,1.78,1.0
1.71,1.58,1.5,1.46,1.45,0.14,1.71,1.0
1.65,1.65,1.41,1.39,1.36,0.04,1.61,1.0
1.58,1.73,1.34,1.31,1.27,0.0,1.51,1.0
1.5,1.8,1.25,1.22,1.17,0.0,1.43,1.0
1.43,1.88,1.15,1.12,1.1,0.0,1.34,1.0
1.35,1.95,1.08,1.03,1.01,0.0,1.24,1.0
0.0,2.02,0.99,0.95,0.91,0.0,1.17,1.0
0.9,2.07,0.91,0.87,0.84,0.0,1.07,1.0
0.98,2.0,0.82,0.77,0.73,0.0,0.99,1.0
1.07,1.93,0.72,0.68,0.64,0.0,0.9,1.0
1.16,1.85,0.63,0.6,0.55,2.09,0.8,1.0
1.24,1.78,0.55,0.5,0.46,2.02,0.72,1.0
1.33,1.7,0.45,0.41,0.36,1.95,0.62,1.0
1.42,1.63,0.35,0.32,0.28,1.85,0.53,1.0
1.48,1.56,0.27,0.23,0.19,1.78,0.43,1.0
1.58,1.46,0.18,0.14,0.09,1.71,0.34,0.0
1.58,1.49,0.19,0.14,0.1,1.73,0.36,0.0
1.6,1.5,0.2,0.16,0.11,1.78,0.4,0.0
1.96,1.9,0.55,0.51,0.45,0.0,1.23,1.0
2.08,1.82,0.48,0.41,0.36,0.0,1.3,1.0
2.16,1.72,0.36,0.31,0.26,0.04,1.39,1.0
2.24,1.65,0.26,0.21,0.15,0.13,1.46,1.0
2.33,1.58,0.16,0.1,0.06,0.23,1.56,1.0
2.42,1.46,0.05,0.0,0.0,0.32,1.63,1.0
2.5,1.4,0.0,0.0,0.0,0.41,1.71,1.0
2.59,1.3,0.0,0.0,0.0,0.51,1.78,1.0
2.39,1.0,0.0,0.0,0.0,0.77,2.01,0.0
2.26,0.88,0.0,0.0,0.0,0.86,2.07,0.0
0.0,1.28,2.39,2.38,2.37,1.01,1.99,2.0
0.0,1.22,2.5,2.5,2.51,1.15,1.92,2.0
0.0,1.13,2.49,2.44,2.45,1.23,1.86,2.0
0.0,1.05,2.36,2.37,2.38,1.34,1.79,2.0
0.0,0.93,2.29,2.31,2.32,1.44,1.73,2.0
0.0,0.86,2.17,2.18,2.19,1.53,1.63,2.0
0.0,0.76,2.1,2.1,2.11,1.63,1.54,2.0
0.0,0.66,2.04,1.99,2.05,1.74,1.48,2.0
0.0,0.59,1.9,1.93,1.93,1.8,1.4,2.0
0.0,0.49,1.85,1.85,1.85,1.92,0.48,2.0
0.0,0.4,1.71,1.75,1.74,1.98,0.57,2.0
0.0,0.3,1.63,1.65,1.69,2.11,0.67,2.0
0.0,0.21,1.55,1.58,1.59,2.17,0.76,2.0
0.0,0.11,1.44,1.49,1.51,2.23,0.88,2.0
0.0,0.02,1.37,1.42,1.43,2.37,0.97,2.0
0.0,0.0,1.28,1.31,1.35,2.43,1.05,2.0
0.0,0.0,1.19,1.22,1.24,2.5,1.15,2.0
0.07,0.0,1.11,1.13,1.14,2.44,1.23,2.0
0.14,0.0,1.0,1.05,1.09,2.37,1.34,2.0
0.19,0.0,0.9,0.93,1.0,2.31,1.44,2.0
0.24,0.0,0.81,0.86,0.88,2.18,1.53,2.0
0.3,0.0,0.72,0.76,0.79,2.1,1.63,2.0
0.35,0.0,0.63,0.66,0.72,1.99,1.74,2.0
0.39,0.0,0.52,0.59,0.62,1.93,1.8,2.0
0.44,0.0,0.43,0.49,0.53,1.85,1.92,2.0
0.48,0.0,0.35,0.4,0.43,1.75,1.98,2.0
0.0,0.0,0.26,0.3,0.35,1.65,2.11,2.0
0.0,0.0,0.16,0.21,0.24,1.58,2.17,2.0
0.0,0.0,0.06,0.11,0.15,1.49,2.23,2.0
0.0,0.0,0.0,0.02,0.06,1.42,2.37,2.0
0.0,0.0,0.0,0.0,0.0,1.31,2.43,2.0
0.0,0.0,0.0,0.0,0.0,1.22,2.5,2.0
0.0,0.07,0.0,0.0,0.0,1.13,2.44,0.0
0.0,0.08,0.0,0.0,0.0,1.11,2.47,0.0
0.79,0.0,0.76,0.8,0.83,2.12,1.63,2.0
0.73,0.0,0.69,0.72,0.77,2.04,1.72,2.0
0.66,0.0,0.59,0.64,0.66,1.96,1.82,2.0
0.56,0.0,0.48,0.53,0.58,1.9,1.9,2.0
0.49,0.0,0.39,0.44,0.49,1.77,2.01,2.0
0.4,0.03,0.3,0.35,0.39,1.71,2.07,2.0
0.31,0.12,0.2,0.25,0.3,1.66,2.15,2.0
0.23,0.18,0.11,0.15,0.2,1.55,2.28,2.0
0.13,1.34,0.01,0.06,0.11,1.45,2.36,2.0
0.04,1.26,0.0,0.0,0.01,1.36,2.43,2.0
0.0,1.19,0.0,0.0,0.0,1.26,2.51,0.0
0.0,1.22,0.0,0.0,0.0,1.27,2.54,0.0
1.4,1.61,0.94,0.95,0.95,0.67,1.99,0.0
1.5,0.1,1.04,1.04,1.04,0.75,2.08,0.0
1.51,0.14,1.08,1.08,1.09,0.75,2.06,0.0
0.0,1.07,2.38,2.38,2.42,1.13,1.62,2.0
0.0,1.01,2.37,2.37,2.38,1.25,1.73,2.0
0.0,0.91,2.26,2.27,2.27,1.35,1.8,2.0
0.0,0.83,2.2,2.21,2.22,1.43,1.88,2.0
0.0,0.74,2.1,2.1,2.11,1.51,1.99,2.0
0.0,0.65,1.99,2.0,2.06,1.6,2.06,2.0
0.0,0.54,1.89,1.95,1.95,1.73,2.14,2.0
0.0,0.44,1.8,1.85,1.85,1.78,2.22,2.0
0.0,0.35,1.71,1.75,1.75,1.88,2.25,2.0
0.0,0.26,1.62,1.66,1.7,1.98,2.18,2.0
0.0,0.16,1.54,1.57,1.61,2.03,2.1,2.0
0.0,0.06,1.46,1.45,1.52,2.14,2.03,2.0
0.0,0.0,1.35,1.37,1.43,2.25,1.95,2.0
0.0,0.0,1.25,1.27,1.31,2.3,1.87,2.0
0.0,0.0,1.16,1.17,1.21,2.41,1.09,2.0
0.0,0.0,1.07,1.08,1.14,2.46,1.15,2.0
0.0,0.0,0.97,1.01,1.05,2.37,1.25,2.0
0.0,0.0,0.88,0.91,0.94,2.27,1.35,2.0
0.25,0.0,0.79,0.83,0.85,2.21,1.43,2.0
0.16,0.0,0.69,0.74,0.77,2.1,1.51,2.0
0.07,0.0,0.6,0.65,0.68,2.0,1.6,2.0
0.0,0.0,0.5,0.54,0.59,1.95,1.73,2.0
0.0,0.0,0.4,0.44,0.49,1.85,1.78,2.0
0.0,0.0,0.31,0.35,0.39,1.75,1.88,2.0
0.0,0.0,0.21,0.26,0.3,1.66,1.98,2.0
0.0,0.0,0.11,0.16,0.2,1.57,2.03,2.0
0.0,0.0,0.02,0.06,0.11,1.45,2.14,2.0
0.0,0.0,0.0,0.0,0.02,1.37,2.25,2.0
0.0,0.0,0.0,0.0,0.0,1.27,2.3,2.0
0.0,0.0,0.0,0.0,0.0,1.17,2.41,0.0
0.0,0.0,0.0,0.0,0.0,1.22,2.38,0.0
0.53,0.0,0.73,0.77,0.79,2.09,1.67,2.0
0.58,0.0,0.53,0.57,0.61,1.95,1.87,2.0
0.62,0.0,0.44,0.49,0.53,1.88,2.01,2.0
0.62,0.0,0.35,0.39,0.44,1.74,2.08,2.0
0.59,0.0,0.25,0.29,0.34,1.68,2.16,2.0
0.55,0.03,0.16,0.2,0.25,1.56,2.23,2.0
0.52,0.09,0.07,0.11,0.15,1.5,2.31,2.0
0.48,0.15,0.0,0.01,0.06,1.39,2.47,2.0
0.43,0.22,0.0,0.0,0.0,1.3,2.55,2.0
0.37,0.29,0.0,0.0,0.0,1.21,2.57,0.0
0.39,0.3,0.0,0.0,0.0,1.19,2.59,0.0
0.56,1.77,1.57,1.59,1.59,1.29,0.0,1.0
0.56,1.77,1.57,1.59,1.59,1.29,0.0,1.0
0.64,1.85,1.64,1.66,1.67,1.21,0.0,1.0
0.72,1.92,1.73,1.72,1.74,1.12,0.0,1.0
0.82,1.92,1.8,1.82,1.8,1.05,0.0,1.0
0.91,1.85,1.87,1.88,1.86,0.96,0.0,1.0
0.99,1.79,1.94,1.95,1.96,0.86,0.0,1.0
1.07,1.7,1.96,1.96,1.96,0.79,0.0,1.0
1.16,1.63,1.92,1.9,1.89,0.68,0.0,1.0
1.24,1.57,1.83,1.83,1.82,0.59,0.0,1.0
1.32,1.48,1.76,1.74,1.73,0.51,0.0,1.0
1.4,1.4,1.7,1.69,1.66,0.42,0.0,1.0
1.49,1.26,1.63,1.62,1.59,0.32,0.0,1.0
1.55,1.34,1.54,1.53,1.5,0.24,0.02,1.0
1.64,1.42,1.47,1.46,1.42,0.14,0.12,1.0
1.71,1.5,1.39,1.37,1.33,0.08,0.22,1.0
1.77,1.59,1.31,1.29,1.25,0.0,0.31,1.0
1.85,1.66,1.23,1.21,1.18,0.0,0.4,1.0
1.92,1.72,1.15,1.12,1.1,0.0,1.89,1.0
1.92,1.82,1.08,1.05,1.01,0.0,1.8,1.0
1.85,1.88,0.98,0.96,0.92,0.0,1.72,1.0
1.79,1.95,0.9,0.86,0.83,0.0,1.61,1.0
1.7,1.96,0.81,0.79,0.74,0.0,1.54,1.0
1.63,1.9,0.73,0.68,0.65,0.0,1.43,1.0
1.57,1.83,0.64,0.59,0.56,0.0,1.34,1.0
1.48,1.74,0.55,0.51,0.47,0.0,1.25,1.0
1.4,1.69,0.46,0.42,0.38,0.0,1.16,1.0
1.26,1.62,0.37,0.32,0.29,0.0,1.09,1.0
1.34,1.53,0.29,0.24,0.19,0.02,1.0,1.0
1.42,1.46,0.19,0.14,0.1,0.12,0.89,1.0
1.5,1.37,0.09,0.08,0.04,0.22,0.8,0.0
1.53,1.38,0.11,0.1,0.06,0.2,0.83,0.0
1.98,1.85,0.5,0.75,0.7,0.0,0.9,1.0
2.09,1.78,0.41,0.68,0.63,0.0,0.96,1.0
2.18,1.71,0.63,0.59,0.53,0.0,1.04,1.0
2.25,1.59,0.53,0.49,0.43,0.0,1.11,1.0
2.33,1.53,0.44,0.38,0.34,0.0,1.19,1.0
2.42,1.43,0.33,0.29,0.24,0.09,1.28,1.0
2.49,1.32,0.24,0.2,0.14,0.17,1.36,1.0
2.57,1.24,0.14,0.09,0.05,0.26,1.42,1.0
2.53,1.14,0.05,0.0,0.0,0.29,1.5,1.0
2.43,1.04,0.0,0.0,0.0,0.38,1.56,1.0
2.29,0.95,0.0,0.0,0.0,0.46,1.62,1.0
2.2,0.84,0.0,0.0,0.0,0.55,1.69,1.0
1.99,0.55,0.0,0.0,0.0,0.8,1.57,0.0
1.87,0.77,0.0,0.0,0.0,0.89,1.53,0.0
1.4,0.0,0.35,0.4,0.45,1.81,2.05,2.0
1.45,0.0,0.27,0.31,0.36,1.77,2.21,2.0
1.52,0.0,0.18,0.22,0.25,1.69,2.31,2.0
1.58,0.0,0.08,0.12,0.17,1.55,2.31,2.0
1.59,0.0,0.0,0.03,0.08,1.48,2.42,2.0
1.53,0.0,0.0,0.0,0.0,1.37,2.54,2.0
1.47,0.0,0.0,0.0,0.0,1.31,2.65,2.0
1.41,0.0,0.0,0.0,0.0,1.17,2.59,2.0
1.35,0.0,0.0,0.0,0.0,1.09,2.48,2.0
1.06,1.2,0.0,0.0,0.0,0.7,2.17,0.0
1.15,0.0,0.0,0.0,0.0,0.78,2.2,0.0
1.64,0.12,0.82,0.81,0.81,0.93,2.22,0.0
1.57,1.44,0.9,0.9,0.9,0.83,2.14,0.0
1.57,0.12,0.95,0.95,0.95,0.83,2.1,0.0
1.6,0.16,1.0,1.0,1.0,0.82,2.12,0.0
1.6,0.19,1.05,1.05,1.05,0.82,2.09,0.0
1.64,0.23,1.1,1.1,1.1,0.81,2.11,0.0
0.0,0.0,0.93,0.97,0.99,2.34,1.23,2.0
0.0,0.0,0.85,0.91,0.94,2.24,1.33,2.0
0.0,0.0,0.76,0.81,0.85,2.19,1.4,2.0
0.0,0.0,0.67,0.71,0.75,2.09,1.51,2.0
0.0,0.0,0.57,0.62,0.67,1.99,1.59,2.0
0.0,0.0,0.48,0.53,0.57,1.94,1.68,2.0
0.0,0.0,0.38,0.43,0.47,1.84,1.76,2.0
0.0,0.0,0.29,0.34,0.38,1.7,1.86,2.0
0.02,0.0,0.19,0.24,0.28,1.66,1.95,2.0
0.12,0.0,0.1,0.14,0.19,1.53,2.05,2.0
0.22,0.0,0.0,0.05,0.1,1.46,2.1,2.0
0.31,0.0,0.0,0.0,0.0,1.38,2.2,2.0
0.4,0.0,0.0,0.0,0.0,1.28,2.3,2.0
0.0,0.0,0.0,0.0,0.0,1.18,2.41,0.0
0.45,0.0,0.0,0.0,0.0,1.17,2.38,0.0
0.63,0.0,0.55,0.58,0.63,1.95,1.69,2.0
0.64,0.0,0.46,0.51,0.54,1.84,1.81,2.0
0.69,0.0,0.37,0.42,0.46,1.79,1.86,2.0
0.68,0.0,0.28,0.32,0.37,1.69,1.97,2.0
0.65,0.01,0.18,0.23,0.27,1.6,2.08,2.0
0.61,0.07,0.1,0.14,0.18,1.51,2.19,2.0
0.57,0.15,0.0,0.05,0.09,1.42,2.25,2.0
0.53,0.21,0.0,0.0,0.0,1.35,2.36,2.0
0.48,0.27,0.0,0.0,0.0,1.24,2.42,2.0
0.43,0.34,0.0,0.0,0.0,1.14,2.45,0.0
0.44,0.35,0.0,0.0,0.0,1.15,2.48,0.0
0.96,1.27,1.16,1.14,1.14,0.1,2.19,0.0
1.05,1.21,1.15,1.14,1.12,0.05,2.27,0.0
1.08,1.24,1.2,1.19,1.17,0.08,2.29,0.0
1.1,1.24,1.24,1.23,1.21,0.12,2.26,0.0
1.16,1.33,1.42,1.41,1.39,0.25,2.25,0.0
1.21,1.37,1.51,1.5,1.48,0.33,2.25,0.0
1.22,1.38,1.56,1.55,1.53,0.36,2.27,0.0
1.24,1.4,1.6,1.6,1.57,0.39,0.0,0.0
1.27,1.41,1.65,1.64,1.62,0.43,0.0,0.0
1.41,1.37,2.06,2.05,2.02,0.74,0.0,1.0
1.52,1.47,2.03,2.0,1.99,0.68,0.0,1.0
1.59,1.58,1.94,1.93,1.9,0.58,0.0,1.0
1.67,1.63,1.86,1.84,1.83,0.49,0.0,1.0
1.75,1.74,1.77,1.76,1.74,0.39,0.0,1.0
1.82,1.82,1.69,1.68,1.67,0.3,0.0,1.0
1.9,1.87,1.62,1.61,1.56,0.2,0.06,1.0
1.98,1.99,1.54,1.5,1.46,0.1,0.15,1.0
2.03,2.04,1.47,1.43,1.39,0.08,0.25,1.0
2.05,2.16,1.36,1.33,1.3,0.0,0.35,1.0
0.94,2.2,1.27,1.24,1.19,0.0,0.44,1.0
1.04,2.33,1.18,1.13,1.11,0.0,0.53,1.0
1.12,2.34,1.1,1.05,1.02,0.0,0.63,1.0
1.2,2.27,1.02,0.97,0.93,0.0,0.73,0.0
1.23,2.31,1.03,0.97,0.95,0.0,0.69,0.0
1.34,2.49,1.19,1.13,1.08,0.0,0.55,1.0
1.51,2.4,1.09,1.03,1.02,0.0,0.61,1.0
1.6,2.33,0.97,0.94,0.9,0.0,0.71,1.0
1.65,2.23,0.92,0.86,0.81,0.0,0.78,1.0
1.75,2.16,0.8,0.76,0.69,0.0,0.88,1.0
1.85,2.08,0.7,0.68,0.6,0.0,0.98,1.0
1.91,2.01,0.61,0.56,0.51,0.0,1.06,1.0
2.01,1.86,0.5,0.46,0.41,0.0,1.15,1.0
2.07,1.79,0.42,0.37,0.32,0.0,1.23,1.0
2.21,1.73,0.32,0.27,0.22,0.0,1.32,1.0
2.29,1.6,0.21,0.16,0.12,0.06,1.4,1.0
2.38,1.53,0.11,0.17,0.13,0.15,1.49,1.0
2.46,1.43,0.13,0.08,0.03,0.24,0.45,1.0
2.54,1.32,0.03,0.0,0.0,0.34,0.36,1.0
2.58,1.23,0.0,0.0,0.0,0.43,0.26,0.0
2.59,1.21,0.0,0.0,0.0,0.42,0.3,0.0
2.26,1.77,0.35,0.29,0.24,0.16,1.14,1.0
2.31,1.68,0.26,0.2,0.15,0.24,1.18,1.0
2.42,1.6,0.15,0.1,0.05,0.33,1.24,1.0
2.53,1.52,0.05,0.0,0.0,0.4,1.3,0.0
2.47,1.47,0.05,0.0,0.0,0.41,1.29,0.0
0.0,1.51,0.08,0.02,0.0,0.42,1.32,1.0
0.0,1.45,0.0,0.0,0.0,0.5,1.27,1.0
0.0,1.37,0.0,0.0,0.0,0.59,1.21,1.0
0.0,1.23,0.0,0.0,0.0,0.66,1.15,1.0
1.89,0.45,0.05,0.1,0.13,1.19,0.77,0.0
2.03,0.51,0.0,0.02,0.07,1.16,0.86,0.0
1.32,0.0,0.56,0.6,0.66,2.01,1.74,2.0
1.38,0.0,0.49,0.53,0.55,1.94,1.82,2.0
1.44,0.0,0.39,0.43,0.45,1.83,1.94,2.0
1.52,0.0,0.29,0.34,0.38,1.75,2.01,2.0
1.58,0.0,0.19,0.24,0.27,1.64,2.07,2.0
1.64,0.0,0.1,0.14,0.19,1.59,2.21,2.0
1.7,0.0,0.0,0.05,0.09,1.49,2.28,2.0
1.73,0.0,0.0,0.0,0.0,1.38,2.35,2.0
1.67,0.0,0.0,0.0,0.0,1.3,2.49,0.0
1.66,0.0,0.0,0.0,0.0,1.29,2.45,0.0
0.0,0.0,0.94,0.95,0.96,0.94,2.35,0.0
0.0,0.0,0.95,0.96,0.95,0.82,2.23,0.0
0.0,0.0,1.0,1.01,1.0,0.8,2.19,2.0
0.02,0.0,0.94,0.95,0.96,0.71,2.13,2.0
0.11,0.0,0.89,0.89,0.91,0.63,2.05,2.0
0.2,0.0,0.82,0.84,0.86,0.53,1.92,2.0
0.29,0.0,0.77,0.79,0.8,0.44,1.86,2.0
0.38,0.0,0.69,0.71,0.74,0.32,1.75,2.0
0.47,0.0,0.63,0.66,0.69,0.24,1.64,2.0
0.56,0.0,0.57,0.6,0.62,0.15,1.57,2.0
0.65,0.0,0.49,0.52,0.54,0.89,1.47,2.0
2.03,0.86,0.67,0.69,0.72,0.72,1.27,0.0
2.0,0.94,0.68,0.7,0.72,0.64,1.35,0.0
1.99,0.94,0.75,0.77,0.79,0.86,1.35,0.0
2.0,0.95,0.82,0.83,0.86,0.94,1.36,0.0
2.0,0.96,0.89,0.9,0.93,1.0,1.38,0.0
2.02,0.86,0.96,0.97,1.0,1.08,1.38,0.0
2.0,0.0,1.03,1.04,1.06,1.14,1.41,0.0
1.46,0.0,0.95,0.99,1.02,2.26,1.23,2.0
0.65,0.0,0.9,0.93,0.98,2.22,1.36,2.0
1.33,0.0,0.8,0.84,0.9,2.17,1.47,2.0
1.26,0.0,0.72,0.76,0.79,2.06,1.57,2.0
1.17,0.0,0.63,0.66,0.71,2.01,1.67,2.0
1.09,0.0,0.53,0.58,0.61,1.9,1.74,2.0
1.0,0.0,0.44,0.48,0.52,1.85,1.86,2.0
0.89,0.0,0.34,0.39,0.42,1.75,1.93,0.0
0.94,0.0,0.36,0.41,0.46,1.76,1.97,2.0
0.86,0.0,0.27,0.32,0.36,1.66,2.05,2.0
0.77,0.0,0.17,0.22,0.27,1.61,2.15,2.0
0.66,0.08,0.08,0.12,0.17,1.51,2.17,2.0
0.57,0.17,0.02,0.02,0.07,1.42,2.28,0.0
0.63,0.14,0.05,0.03,0.08,1.41,2.28,0.0
1.03,0.0,0.48,0.15,0.2,1.52,2.53,2.0
1.08,0.0,0.42,0.47,0.13,1.47,2.59,2.0
1.17,0.0,0.32,0.36,0.42,1.38,2.67,2.0
1.25,0.0,0.23,0.27,0.31,1.24,2.56,2.0
1.31,0.07,0.13,0.18,0.22,1.17,1.78,2.0
1.38,0.16,0.04,0.09,0.14,1.06,2.42,2.0
1.47,0.24,0.0,0.0,0.04,1.0,2.31,2.0
1.53,0.33,0.0,0.0,0.0,0.92,2.2,2.0
1.59,0.42,0.0,0.0,0.0,0.85,2.2,2.0
1.65,0.51,0.0,0.0,0.0,0.71,2.09,0.0
1.66,0.5,0.0,0.0,0.0,0.7,2.03,0.0
1.7,0.19,0.91,0.9,0.9,0.88,2.16,0.0
1.67,0.21,1.08,1.08,1.07,0.78,2.06,0.0
1.68,0.31,1.21,1.21,1.21,0.75,2.03,0.0
1.74,0.41,1.35,1.34,1.34,0.74,2.02,0.0
1.76,0.52,1.48,1.48,1.48,1.41,1.99,0.0
1.57,1.74,0.08,0.13,0.18,1.56,2.35,2.0
1.51,1.82,0.0,0.04,0.09,1.41,2.39,2.0
0.87,2.17,0.0,0.0,0.0,0.82,2.17,0.0
0.81,2.15,0.02,0.0,0.0,0.71,2.06,0.0
0.92,2.25,0.02,0.0,0.0,0.67,2.02,1.0
1.02,2.39,0.0,0.0,0.0,0.75,2.11,1.0
1.12,2.47,0.0,0.0,0.0,0.85,2.17,1.0
1.2,2.42,0.0,0.0,0.0,0.94,2.29,0.0
1.23,2.46,0.0,0.0,0.0,0.94,2.25,0.0
0.23,0.0,0.61,0.66,0.7,2.02,1.65,2.0
0.27,0.0,0.57,0.6,0.66,2.0,1.8,2.0
0.35,0.0,0.46,0.51,0.56,1.94,1.88,2.0
0.45,0.0,0.37,0.41,0.46,1.8,1.97,2.0
0.53,0.0,0.26,0.31,0.37,1.74,2.06,2.0
0.62,0.0,0.17,0.22,0.27,1.63,2.14,2.0
0.71,0.0,0.4,0.43,0.17,1.57,2.19,2.0
0.79,0.0,0.31,0.35,0.39,1.46,2.33,2.0
0.89,0.0,0.22,0.26,0.31,1.37,2.36,0.0
0.84,0.0,0.26,0.3,0.34,1.38,2.38,0.0
0.0,0.0,0.98,1.04,1.13,2.46,1.65,2.0
0.0,0.0,0.0,0.03,0.08,1.29,0.38,2.0
0.0,0.0,0.0,0.0,0.0,1.22,1.27,2.0
1.68,0.83,0.45,0.41,0.39,1.15,1.61,0.0
1.64,0.95,0.65,0.63,0.6,0.0,1.71,0.0
1.54,1.13,1.79,1.8,1.81,1.57,0.21,1.0
1.69,0.65,1.97,1.99,2.0,1.41,0.8,1.0
1.77,0.73,2.05,2.06,2.07,1.3,0.76,1.0
1.82,0.83,2.12,2.13,2.14,1.24,0.7,1.0
1.86,0.91,2.21,2.21,2.22,1.13,0.65,1.0
1.8,1.01,2.28,2.28,2.29,1.03,0.6,1.0
1.74,1.1,2.28,2.23,2.26,0.95,0.53,1.0
1.66,1.18,2.16,2.19,2.18,0.85,0.48,1.0
1.59,1.28,2.09,2.08,2.1,0.77,0.41,1.0
1.52,1.37,2.01,2.0,1.99,0.67,0.34,1.0
1.44,1.46,1.94,1.93,1.91,0.58,0.28,1.0
1.37,1.52,1.86,1.82,1.81,0.49,0.21,1.0
1.3,1.62,1.79,1.74,1.73,0.39,0.13,1.0
1.21,1.72,1.69,1.68,1.66,0.31,0.06,1.0
1.13,1.8,1.61,1.57,1.56,0.21,0.0,1.0
0.56,1.87,1.52,1.48,1.47,0.84,0.0,1.0
0.65,1.99,1.44,1.41,1.38,0.8,0.0,1.0
0.73,2.06,1.36,1.3,1.28,0.76,0.0,1.0
0.83,2.13,1.26,1.24,1.19,0.7,0.0,1.0
0.91,2.21,1.17,1.13,1.09,0.65,0.0,1.0
1.01,2.28,1.07,1.03,1.0,0.6,0.0,1.0
1.1,2.23,0.99,0.95,0.9,0.53,0.0,1.0
1.18,2.19,0.89,0.85,0.82,0.48,0.0,1.0
1.28,2.08,0.8,0.77,0.72,0.41,0.0,1.0
1.37,2.0,0.71,0.67,0.64,0.34,0.0,1.0
1.46,1.93,0.63,0.58,0.54,0.28,0.0,1.0
1.52,1.82,0.53,0.49,0.45,0.21,0.0,1.0
1.62,1.74,0.44,0.39,0.34,0.13,0.04,1.0
1.72,1.68,0.34,0.31,0.25,0.06,0.53,1.0
1.8,1.57,0.25,0.21,0.87,0.0,0.48,1.0
1.87,1.48,0.15,0.84,0.83,0.0,0.42,1.0
1.99,1.41,0.81,0.8,0.79,0.0,0.38,1.0
2.06,1.3,0.76,0.76,0.74,0.0,0.31,0.0
2.05,1.3,0.8,0.8,0.79,0.0,0.33,0.0
1.74,0.95,1.74,1.78,1.79,1.58,0.2,1.0
1.86,0.64,1.91,1.92,1.93,1.4,0.38,1.0
1.84,0.73,2.02,2.0,2.01,1.32,0.3,1.0
1.8,0.83,2.09,2.09,2.12,1.22,0.24,1.0
1.72,0.89,2.17,2.17,2.18,1.14,0.16,1.0
1.64,1.01,2.23,2.23,2.24,1.05,0.09,1.0
1.57,1.09,2.25,2.24,2.23,0.95,0.01,1.0
1.51,1.17,2.14,2.17,2.12,0.85,0.0,1.0
1.41,1.26,2.07,2.06,2.05,0.77,0.0,1.0
1.36,1.35,2.01,1.99,1.97,0.67,0.0,1.0
1.27,1.43,1.93,1.92,1.9,0.57,0.0,1.0
1.18,1.52,1.83,1.82,1.83,0.47,0.0,1.0
1.12,1.58,1.76,1.75,1.73,0.39,0.0,1.0
1.04,1.68,1.67,1.67,1.63,0.29,0.0,1.0
0.95,1.78,1.59,1.58,1.54,0.2,0.07,1.0
0.55,1.86,1.52,1.49,1.45,0.44,0.95,1.0
0.64,1.92,1.41,1.4,1.36,0.38,0.89,1.0
0.73,2.0,1.35,1.32,1.28,0.3,0.8,1.0
0.83,2.09,1.26,1.22,1.2,0.24,0.69,1.0
0.89,2.17,1.16,1.14,1.11,0.16,0.61,1.0
1.01,2.23,1.08,1.05,1.0,0.09,0.51,1.0
1.75,0.39,0.0,0.0,0.0,0.0,0.35,0.0
1.65,0.28,0.0,0.0,0.02,0.0,0.41,2.0
1.72,0.37,0.0,0.0,0.0,0.0,0.31,2.0
1.41,1.92,0.61,0.56,0.53,0.0,0.09,1.0
1.58,1.72,0.42,0.37,0.33,0.0,0.0,1.0
1.68,1.65,0.33,0.28,0.23,0.0,0.0,1.0
1.75,1.56,0.24,0.18,0.5,0.08,0.0,1.0
1.84,1.47,0.13,0.46,0.43,0.15,0.0,1.0
1.91,1.38,0.42,0.39,0.37,0.91,0.0,0.0
1.94,1.39,0.45,0.42,0.4,0.94,0.0,0.0
2.19,2.18,0.85,0.83,0.78,0.42,1.64,1.0
2.1,2.15,0.8,0.74,0.7,0.5,1.71,1.0
1.99,2.07,0.69,0.65,0.61,0.6,1.77,1.0
1.71,1.95,0.62,0.57,0.53,0.69,1.83,1.0
1.78,1.91,0.5,0.47,0.0,0.77,1.8,1.0
1.89,1.77,0.41,0.0,0.0,0.85,1.74,1.0
1.97,1.67,0.0,0.0,0.0,0.93,1.68,1.0
2.05,1.62,0.0,0.0,0.0,1.02,1.59,1.0
2.17,1.52,0.0,0.0,0.0,1.09,1.53,1.0
2.2,1.42,0.0,0.0,0.0,1.17,1.46,0.0
2.25,1.41,0.0,0.0,0.0,1.19,1.47,0.0
0.11,0.14,1.51,1.53,1.57,1.88,2.12,2.0
0.17,0.07,1.47,1.51,1.52,1.79,2.13,2.0
0.25,0.0,1.39,1.38,1.42,1.7,2.28,2.0
0.33,0.0,1.28,1.27,1.33,1.59,2.36,2.0
0.42,0.0,1.18,1.2,1.24,1.5,2.43,2.0
0.49,0.0,1.09,1.13,1.17,1.41,2.52,2.0
0.57,0.0,0.97,1.02,1.07,1.33,2.67,2.0
0.64,0.0,0.88,0.91,0.97,1.2,2.59,2.0
0.71,0.0,0.78,0.85,0.87,1.13,2.59,2.0
0.79,0.0,0.69,0.73,0.76,2.15,2.44,2.0
0.86,0.0,0.61,0.64,0.7,2.02,2.38,2.0
0.93,0.0,0.5,0.54,0.59,1.96,2.28,2.0
0.99,0.0,0.4,0.45,0.5,1.84,2.18,2.0
1.05,0.0,0.31,0.36,0.41,1.77,2.04,2.0
1.11,0.0,0.21,0.26,0.31,1.66,1.91,2.0
1.18,0.08,0.12,0.16,0.2,1.61,1.91,2.0
1.23,0.17,0.03,0.07,0.11,1.51,1.79,2.0
1.28,0.25,0.0,0.0,0.02,1.38,1.7,2.0
1.32,0.33,0.0,0.0,0.0,1.27,1.59,2.0
1.3,0.42,0.0,0.0,0.0,1.2,1.5,2.0
1.24,0.49,0.0,0.0,0.0,1.13,1.41,2.0
1.19,0.57,0.0,0.0,0.0,1.02,1.33,2.0
1.13,0.64,0.0,0.0,0.0,0.91,1.2,2.0
1.08,0.71,0.0,0.0,0.0,0.85,1.13,2.0
1.01,0.79,0.0,0.0,0.0,0.73,2.15,2.0
0.95,0.86,0.0,0.0,0.0,0.64,2.02,2.0
0.0,1.18,0.12,0.08,0.0,0.16,1.61,1.0
0.0,1.18,0.12,0.08,0.0,0.16,1.61,1.0
0.0,1.11,0.0,0.0,0.0,0.26,1.66,1.0
0.0,1.05,0.0,0.0,0.0,0.36,1.77,0.0
0.0,1.08,0.0,0.0,0.0,0.35,1.75,0.0
1.94,1.97,0.87,0.85,0.84,0.0,1.12,1.0
2.11,0.48,0.77,0.75,0.74,0.09,1.25,0.0
2.08,0.52,0.81,0.79,0.79,0.1,1.23,0.0
2.12,0.55,0.85,0.83,0.83,0.09,1.22,0.0
2.09,0.59,0.9,0.88,0.87,0.08,1.22,0.0
2.13,0.63,0.94,0.92,0.91,0.07,1.2,0.0
2.09,0.67,0.98,0.96,0.95,0.06,1.2,0.0
0.0,0.71,1.02,1.0,1.0,0.06,1.19,0.0
0.0,0.75,1.07,1.04,1.04,0.05,1.18,0.0
0.0,0.78,1.11,1.09,1.08,0.04,1.17,0.0
0.42,1.67,1.1,1.07,1.05,0.46,1.17,2.0
0.42,1.67,1.1,1.07,1.05,0.46,1.17,2.0
0.33,1.58,1.19,1.16,1.12,0.38,1.21,2.0
0.25,1.51,1.26,1.23,1.22,0.3,1.27,2.0
0.16,1.42,1.36,1.33,1.3,0.22,1.22,2.0
0.07,1.34,1.42,1.39,1.38,0.1,1.18,2.0
0.0,1.28,1.49,1.48,1.46,0.19,1.12,2.0
0.0,1.2,1.58,1.55,1.55,0.28,1.07,2.0
0.0,1.11,1.64,1.63,1.62,0.37,1.01,2.0
0.0,1.03,1.71,1.7,1.69,0.47,0.95,2.0
0.0,0.94,1.78,1.77,1.77,0.56,0.89,2.0
0.0,0.87,1.85,1.84,1.83,0.64,0.82,2.0
0.0,0.77,1.91,1.9,1.9,0.74,0.75,2.0
0.0,0.68,1.85,1.85,1.87,0.83,0.68,2.0
0.0,0.6,1.81,1.81,1.81,0.91,0.61,2.0
0.0,0.51,1.71,1.72,1.74,1.0,0.53,2.0
0.0,0.42,1.64,1.67,1.65,1.07,0.46,2.0
0.0,0.33,1.57,1.58,1.58,1.16,0.38,2.0
0.0,0.25,1.48,1.51,1.52,1.23,0.3,2.0
0.0,0.16,1.41,1.42,1.45,1.33,0.22,2.0
0.0,0.07,1.33,1.34,1.37,1.39,0.1,2.0
0.01,0.0,1.25,1.28,1.29,1.48,0.19,2.0
0.1,0.0,1.16,1.2,1.23,1.55,0.28,2.0
0.2,0.0,1.08,1.11,1.14,1.63,0.37,2.0
0.29,0.0,1.01,1.03,1.05,1.7,0.47,2.0
0.39,0.0,0.92,0.94,0.98,1.77,0.56,2.0
0.47,0.0,0.82,0.87,0.89,1.84,0.64,2.0
0.57,0.0,0.74,0.77,0.82,1.9,0.74,2.0
0.66,0.0,0.65,0.68,0.72,1.85,0.83,2.0
0.24,0.0,0.57,0.6,0.64,1.81,0.91,2.0
0.12,0.0,0.47,0.51,0.55,1.72,1.0,2.0
0.03,0.0,0.38,0.42,0.47,1.67,1.07,2.0
0.0,0.0,0.3,0.33,0.38,1.58,1.16,2.0
0.0,0.0,0.21,0.25,0.29,1.51,1.23,2.0
0.0,0.0,0.11,0.16,0.2,1.42,1.33,2.0
0.0,0.0,0.03,0.07,0.11,1.34,1.39,2.0
0.0,0.01,0.0,0.0,0.02,1.28,1.48,2.0
0.0,0.1,0.0,0.0,0.0,1.2,1.55,2.0
0.0,0.2,0.0,0.0,0.0,1.11,1.63,0.0
0.0,0.18,0.0,0.0,0.0,1.12,1.63,0.0
0.73,0.0,1.23,1.28,1.32,2.44,2.49,2.0
0.85,0.0,1.05,1.1,1.13,2.39,2.31,2.0
0.9,0.0,0.97,0.99,1.04,2.33,2.26,2.0
0.96,0.0,0.86,0.9,0.95,2.22,2.13,2.0
1.0,0.0,0.77,0.82,0.85,2.15,2.05,2.0
1.04,0.0,0.69,0.73,0.77,2.04,1.97,2.0
1.05,0.18,0.57,0.62,0.68,1.98,1.74,2.0
1.0,0.26,0.49,0.54,0.58,1.87,1.32,2.0
0.96,0.34,0.4,0.44,0.48,1.82,1.91,2.0
0.91,0.41,0.3,0.35,0.39,1.71,2.02,2.0
0.85,0.48,0.2,0.24,0.3,1.61,2.09,2.0
0.81,0.55,0.11,0.15,0.2,1.56,2.2,2.0
0.75,0.61,0.01,0.06,0.11,1.43,2.26,2.0
0.69,0.67,0.0,0.0,0.01,1.35,2.38,2.0
0.62,0.73,0.0,0.0,0.0,1.28,2.44,2.0
0.56,0.8,0.0,0.0,0.0,1.17,2.45,2.0
0.48,0.85,0.0,0.0,0.0,1.1,2.39,2.0
0.41,0.9,0.0,0.0,0.0,0.99,2.33,0.0
0.44,0.92,0.0,0.0,0.0,0.99,2.29,0.0
2.53,2.44,1.6,1.52,1.51,0.17,0.22,1.0
2.5,2.52,1.53,1.45,1.46,0.09,0.24,1.0
2.42,2.68,1.42,1.37,1.32,0.0,0.29,1.0
1.32,2.59,1.33,1.29,1.26,0.0,0.35,1.0
1.46,2.59,1.23,1.23,1.2,0.0,0.4,1.0
1.54,2.43,1.16,1.1,1.05,0.0,0.43,1.0
1.62,2.33,1.07,1.06,0.97,0.0,0.47,1.0
1.76,2.33,0.97,0.96,0.9,0.0,0.5,1.0
1.76,2.18,0.89,0.84,0.8,0.0,0.54,1.0
1.97,2.08,0.79,0.77,0.72,0.0,0.55,1.0
1.97,2.05,0.67,0.68,0.61,0.0,0.53,1.0
2.12,1.95,0.6,0.58,0.52,0.0,0.49,1.0
2.2,1.83,0.53,0.5,0.42,0.0,0.47,1.0
2.28,1.73,0.43,0.39,0.34,0.07,0.42,1.0
2.37,1.63,0.33,0.29,0.24,0.14,0.39,1.0
2.52,1.53,0.24,0.19,0.14,0.19,0.35,1.0
2.52,1.45,0.14,0.09,0.04,0.24,0.28,1.0
2.68,1.37,0.04,0.0,0.0,0.29,0.24,1.0
2.59,1.29,0.0,0.0,0.0,0.35,0.18,1.0
2.59,1.23,0.0,0.0,0.0,0.4,0.12,1.0
2.43,1.1,0.0,0.0,0.0,0.43,0.05,1.0
2.33,1.06,0.0,0.0,0.0,0.47,0.0,0.0
2.32,1.02,0.0,0.0,0.0,0.51,0.02,0.0
1.86,2.05,0.72,0.68,0.61,0.2,0.06,1.0
1.93,1.98,0.65,0.59,0.53,0.16,0.12,1.0
2.02,1.88,0.53,0.5,0.44,0.08,0.21,1.0
2.1,1.78,0.45,0.39,0.35,0.0,0.3,1.0
2.2,1.73,0.34,0.3,0.25,0.0,0.41,1.0
2.27,1.63,0.26,0.2,0.94,0.0,0.5,1.0
2.38,1.54,0.15,0.9,0.87,0.0,0.59,1.0
2.45,1.42,0.85,0.83,0.81,0.0,0.2,1.0
2.57,1.36,0.79,0.77,0.74,0.0,0.09,1.0
2.57,1.28,0.72,0.69,0.67,0.0,0.0,1.0
2.46,1.16,0.65,0.62,0.59,0.0,0.0,1.0
2.39,1.04,0.58,0.55,0.52,0.0,0.0,1.0
2.28,0.97,0.5,0.48,0.44,0.0,0.0,1.0
2.28,0.89,0.43,0.4,0.37,0.0,0.0,0.0
2.2,0.88,0.46,0.43,0.39,0.0,0.0,0.0
1.73,1.97,0.64,0.6,0.55,0.0,1.08,1.0
1.81,1.91,0.56,0.52,0.47,0.0,1.12,1.0
1.92,1.86,0.47,0.42,0.37,0.04,1.2,1.0
2.04,1.75,0.37,0.32,0.28,0.12,1.25,1.0
2.09,1.65,0.27,0.22,0.18,0.22,1.31,1.0
2.15,1.55,0.17,0.12,0.12,0.3,1.37,1.0
2.28,1.46,0.07,0.08,0.04,0.39,1.41,1.0
2.34,1.38,0.03,0.0,0.0,0.46,1.38,1.0
2.46,1.3,0.0,0.0,0.0,0.54,1.34,1.0
2.51,1.19,0.0,0.0,0.0,0.62,1.29,1.0
2.45,1.09,0.0,0.0,0.0,0.7,1.22,1.0
2.33,0.98,0.0,0.0,0.0,0.77,1.17,1.0
2.27,0.9,0.0,0.0,0.0,0.84,1.1,1.0
2.21,0.82,0.0,0.0,0.0,0.93,1.03,1.0
2.09,0.7,0.0,0.0,0.0,0.99,0.97,0.0
2.05,0.7,0.0,0.0,0.0,1.0,0.98,0.0
0.86,0.34,0.37,0.42,0.46,1.83,1.96,2.0
0.9,0.42,0.29,0.33,0.38,1.81,2.1,2.0
0.95,0.49,0.19,0.24,0.29,1.71,2.17,2.0
1.03,0.55,0.09,0.15,0.19,1.58,2.27,2.0
1.1,0.6,0.0,0.0,0.09,1.49,2.34,2.0
1.16,0.66,0.0,0.0,0.0,1.38,2.45,2.0
1.22,0.71,0.0,0.0,0.0,1.29,2.51,0.0
1.2,0.75,0.0,0.0,0.0,1.34,2.51,0.0
1.16,0.91,0.0,0.43,0.48,1.86,0.0,2.0
1.16,0.91,0.0,0.43,0.48,1.86,0.0,2.0
1.08,0.98,0.0,0.31,0.38,1.86,2.26,2.0
1.01,1.05,0.0,0.0,0.26,1.71,2.26,2.0
0.94,1.12,0.0,0.0,0.0,1.56,0.15,2.0
0.87,1.2,0.05,0.0,0.0,1.56,2.52,2.0
0.8,1.25,0.13,0.09,0.05,1.39,0.34,2.0
0.71,1.31,0.22,0.18,0.14,1.36,0.43,2.0
0.64,1.37,0.3,0.26,0.22,1.27,0.52,2.0
1.06,1.49,0.47,0.43,0.4,1.05,2.44,0.0
1.02,1.53,0.59,0.57,0.53,0.92,2.37,0.0
1.56,2.01,0.66,0.62,0.58,0.99,0.0,1.0
1.71,1.94,0.6,0.56,0.5,0.99,0.0,1.0
1.8,1.84,0.5,0.46,0.41,0.93,0.0,1.0
1.85,1.75,0.41,0.36,0.31,0.86,0.0,1.0
1.94,1.66,0.31,0.26,1.07,0.78,0.0,1.0
2.05,1.57,0.22,1.11,1.13,0.71,0.0,1.0
2.15,1.49,1.16,1.17,1.19,0.65,0.0,1.0
2.2,1.41,1.23,1.23,1.24,0.57,0.0,1.0
2.31,1.3,1.28,1.28,1.29,0.49,0.0,1.0
2.36,1.21,1.33,1.34,1.34,0.41,0.0,1.0
2.46,1.12,1.34,1.34,1.34,0.33,0.0,1.0
2.35,1.01,1.3,1.29,1.29,0.25,0.0,1.0
2.3,0.92,1.25,1.24,1.23,0.16,0.07,1.0
2.2,0.83,1.2,1.19,1.17,0.08,0.16,1.0
2.09,0.73,1.14,1.13,1.11,0.0,0.26,1.0
2.04,0.64,1.08,1.07,1.05,0.0,0.35,1.0
1.94,0.56,1.02,0.99,0.97,0.0,0.45,1.0
1.84,0.46,0.96,0.93,0.91,0.0,0.54,1.0
1.75,0.36,0.88,0.86,0.84,0.0,0.63,1.0
1.66,0.26,0.81,0.78,0.76,0.0,0.73,1.0
1.57,1.11,0.74,0.71,0.69,0.0,0.81,1.0
1.49,1.17,0.68,0.65,0.61,0.0,0.89,1.0
1.41,1.23,0.6,0.57,0.54,0.0,0.44,1.0
1.3,1.28,0.52,0.49,0.46,0.0,0.35,1.0
1.21,1.34,0.45,0.41,0.37,0.0,0.26,1.0
1.12,1.34,0.36,0.33,0.29,0.0,0.16,1.0
1.01,1.29,0.29,0.25,0.21,0.0,0.07,1.0
0.92,1.24,0.21,0.16,0.13,0.07,0.0,1.0
0.83,1.19,0.12,0.08,0.04,0.16,0.0,1.0
0.73,1.13,0.03,0.0,0.0,0.26,0.0,1.0
0.64,1.07,0.0,0.0,0.0,0.35,0.0,0.0
0.59,1.1,0.0,0.0,0.0,0.32,0.0,0.0
0.54,1.14,0.01,0.0,0.0,0.29,0.0,0.0
0.48,1.17,0.04,0.0,0.0,0.28,0.0,0.0
0.93,1.22,0.07,0.03,0.0,0.25,1.58,0.0
0.96,1.26,0.1,0.06,0.02,0.22,1.55,0.0
1.76,1.94,0.63,0.59,0.54,0.0,1.0,1.0
1.99,1.77,0.44,0.39,0.35,0.0,1.12,1.0
2.05,1.66,0.34,0.31,0.26,0.07,1.19,1.0
2.17,1.56,0.26,0.21,0.17,0.14,1.24,1.0
2.23,1.52,0.16,0.12,0.07,0.23,1.3,1.0
2.36,1.43,0.07,0.02,0.0,0.32,1.35,1.0
2.43,1.3,0.0,0.0,0.0,0.4,1.4,1.0
2.49,1.23,0.0,0.0,0.0,0.48,1.35,1.0
2.45,1.12,0.0,0.0,0.0,0.55,1.3,1.0
2.32,0.95,0.0,0.0,0.0,0.71,1.19,0.0
2.21,0.84,0.0,0.0,0.0,0.81,1.15,0.0
1.57,0.44,1.29,1.29,1.28,0.26,1.02,2.0
1.61,0.61,1.31,1.31,1.32,0.42,0.85,2.0
1.56,0.7,1.26,1.27,1.28,0.49,0.77,2.0
1.49,0.77,1.21,1.21,1.22,0.58,0.69,2.0
1.43,0.85,1.15,1.16,1.17,0.65,0.6,2.0
1.37,0.94,1.08,1.1,1.11,0.73,0.52,2.0
1.3,1.02,1.02,1.03,1.06,0.78,0.44,2.0
1.23,1.08,0.95,0.97,0.99,0.85,0.35,2.0
1.16,1.15,0.88,0.91,0.93,0.92,0.26,2.0
1.08,1.24,0.05,0.84,0.87,0.99,0.17,2.0
1.0,1.31,0.14,0.1,0.8,1.06,0.08,2.0
0.92,1.38,0.22,0.19,0.14,1.12,-0.0,2.0
0.85,1.43,0.32,0.27,0.23,1.17,0.08,2.0
0.76,1.5,0.4,0.36,0.32,1.23,0.17,0.0
0.8,1.55,0.44,0.4,0.36,1.3,0.23,0.0
0.0,0.0,0.83,0.87,0.93,2.21,1.29,2.0
0.12,0.0,0.0,0.69,0.74,2.04,1.49,2.0
0.2,0.0,0.0,0.0,0.63,1.94,1.56,2.0
0.27,0.0,0.0,0.0,0.54,1.87,1.64,2.0
0.33,0.0,0.0,0.0,0.0,1.81,1.72,2.0
0.41,0.0,0.0,0.0,0.0,1.69,1.84,2.0
0.46,0.0,0.0,0.0,0.0,1.58,1.88,0.0
0.43,0.0,0.0,0.0,0.0,1.62,1.92,0.0
0.4,0.0,0.0,0.0,0.0,1.66,1.97,0.0
0.37,0.0,0.0,0.0,0.0,1.66,1.97,0.0
0.33,0.0,0.0,0.0,0.0,1.71,2.02,0.0
0.3,0.0,0.0,0.0,0.0,1.75,2.0,0.0
0.27,0.08,0.05,0.03,0.0,1.71,2.05,0.0
0.24,0.14,0.12,0.1,0.07,1.75,2.04,0.0
0.21,0.21,0.19,0.17,0.14,1.79,2.09,0.0
0.16,0.27,0.26,0.23,0.21,0.0,2.06,0.0
0.14,0.35,0.33,0.3,0.28,0.0,2.12,0.0
0.1,0.42,0.39,0.37,0.35,0.0,2.09,0.0
0.07,0.49,0.46,0.44,0.42,0.0,0.0,0.0
0.03,0.57,0.53,0.51,0.49,0.0,0.0,0.0
0.0,0.64,0.6,0.58,0.56,0.0,0.0,0.0
0.0,0.7,0.67,0.65,0.63,0.0,0.0,0.0
0.0,0.78,0.74,0.72,0.7,0.0,0.0,0.0
0.0,0.84,0.81,0.79,0.76,0.0,0.0,0.0
0.0,0.92,0.88,0.85,0.83,0.0,0.0,0.0
0.0,0.98,0.95,0.92,0.9,0.0,0.0,0.0
0.0,1.06,1.01,0.99,0.97,0.0,0.0,0.0
0.0,1.12,1.08,1.06,1.04,0.0,0.0,0.0
0.0,1.2,1.15,1.13,1.11,0.06,0.0,0.0
0.01,1.26,1.22,1.2,1.18,0.13,0.0,0.0
0.06,1.34,1.29,1.27,1.24,0.2,0.0,0.0
0.12,1.42,1.35,1.33,1.31,0.26,0.0,0.0
0.18,1.48,1.42,1.4,1.38,0.33,0.0,0.0
0.23,1.56,1.49,1.47,1.45,0.4,0.0,0.0
0.29,1.62,1.55,1.53,1.51,0.46,0.0,0.0
0.34,1.7,1.62,1.6,1.58,0.52,0.0,0.0
0.41,1.79,1.68,1.67,1.65,0.32,0.0,0.0
0.45,1.85,1.75,1.73,1.71,0.38,0.0,1.0
0.56,1.91,1.65,1.63,1.62,0.27,0.0,1.0
0.65,2.04,1.6,1.55,1.53,0.48,0.0,1.0
0.73,2.1,1.51,1.46,1.45,0.4,0.0,1.0
0.83,2.21,1.43,1.38,1.34,0.31,0.0,1.0
0.93,2.26,1.31,1.31,1.24,0.22,0.0,1.0
1.03,2.37,1.23,1.21,1.18,0.13,0.0,1.0
1.1,2.43,1.17,1.11,1.07,0.04,0.0,1.0
1.21,2.35,1.07,1.03,0.99,0.0,0.0,1.0
1.28,2.28,0.96,0.93,0.9,0.0,0.0,1.0
1.39,2.2,0.86,0.84,0.8,0.0,0.0,1.0
1.47,2.09,0.77,0.73,0.69,0.0,0.0,1.0
1.56,2.02,0.7,0.65,0.61,0.0,0.0,1.0
1.65,1.92,0.59,0.55,0.52,0.0,0.0,1.0
1.75,1.83,0.51,0.47,0.42,0.0,0.05,1.0
1.85,1.73,0.42,0.38,0.33,0.0,0.13,1.0
1.91,1.63,0.32,0.27,0.53,0.0,0.2,1.0
2.04,1.55,0.23,0.48,0.45,0.0,0.28,1.0
2.1,1.46,0.44,0.4,0.35,0.0,0.35,1.0
0.41,1.22,1.78,1.78,1.76,0.52,0.51,1.0
0.52,1.38,1.62,1.62,1.59,1.22,0.35,1.0
0.59,1.46,1.56,1.54,1.52,1.24,0.27,1.0
0.23,1.53,1.49,1.45,1.44,1.2,0.19,1.0
0.31,1.61,1.39,1.39,1.35,1.15,0.1,1.0
0.42,1.69,1.32,1.29,1.27,1.1,0.03,1.0
0.5,1.76,1.25,1.2,1.19,1.04,0.0,1.0
0.59,1.85,1.16,1.13,1.1,0.99,0.0,1.0
0.68,1.92,1.08,1.05,1.02,0.93,0.0,1.0
0.78,1.99,0.98,0.95,0.91,0.86,0.0,1.0
0.88,2.06,0.91,0.88,0.83,0.79,0.0,1.0
0.94,1.99,0.82,0.78,0.74,0.72,0.0,1.0
1.04,1.91,0.74,0.69,0.66,0.65,0.0,1.0
1.12,1.83,0.64,0.61,0.56,0.58,0.0,1.0
1.22,1.78,0.56,0.52,0.48,0.51,0.0,1.0
1.28,1.7,0.47,1.17,1.18,0.43,0.0,0.0
1.31,1.7,0.48,1.22,1.23,0.46,0.0,0.0
1.68,2.1,0.84,2.13,2.13,1.17,0.0,1.0
1.79,2.04,0.75,2.25,2.25,1.13,0.0,1.0
1.94,1.98,0.65,2.31,2.31,1.04,0.0,1.0
2.03,1.88,2.24,2.24,2.23,0.94,0.0,1.0
2.1,1.82,2.17,2.16,2.15,0.85,0.0,1.0
2.2,1.72,2.1,2.09,2.08,0.75,0.0,1.0
2.28,1.58,2.02,2.01,1.96,0.66,0.0,1.0
2.35,1.54,1.95,1.9,1.89,0.56,0.0,1.0
2.45,1.46,1.84,1.83,1.82,0.48,0.0,1.0
2.52,1.36,1.76,1.75,1.71,0.38,0.0,1.0
2.56,1.28,1.69,1.65,1.64,0.29,0.0,1.0
2.49,1.19,1.59,1.58,1.54,0.19,0.0,1.0
2.39,1.1,1.52,1.49,1.45,0.09,0.0,1.0
2.31,0.97,1.43,1.4,1.36,0.0,0.0,1.0
2.25,0.9,1.34,1.31,1.28,0.0,0.0,1.0
2.14,2.17,1.25,1.2,1.18,0.0,0.01,1.0
2.04,2.25,1.15,1.13,1.09,0.0,0.0,1.0
1.98,2.31,1.08,1.04,1.01,0.0,0.0,1.0
1.88,2.24,0.99,0.94,0.91,0.0,0.0,1.0
1.4,0.0,0.0,0.0,0.0,0.0,0.1,0.0
1.3,0.0,0.0,0.0,0.0,0.0,0.17,0.0
0.79,0.0,0.0,0.01,0.05,0.0,0.0,2.0
0.85,0.0,0.0,0.0,0.0,0.0,0.0,2.0
0.92,0.0,0.0,0.0,0.0,0.0,0.0,2.0
0.96,1.54,0.48,0.45,0.41,0.0,0.0,1.0
0.81,1.43,0.32,0.27,0.23,0.0,0.0,0.0
0.83,1.45,0.34,0.29,0.26,0.0,0.0,0.0
0.86,1.22,0.21,0.16,0.13,1.64,1.04,0.0
0.91,1.3,0.3,0.27,0.23,0.0,1.15,0.0
0.9,1.34,0.33,0.29,0.26,0.0,1.16,0.0
0.88,1.37,0.35,0.32,0.28,0.0,1.18,0.0
0.87,1.4,0.37,0.34,0.3,0.0,1.21,0.0
0.87,1.4,0.37,0.34,0.3,0.0,1.21,0.0
1.75,0.97,0.66,0.63,0.6,1.28,2.22,0.0
1.69,1.05,0.78,0.74,0.72,0.0,2.31,0.0
1.7,1.06,0.81,0.77,0.75,0.0,2.29,0.0
1.69,1.06,0.84,0.8,0.78,0.0,2.33,0.0
1.85,2.15,1.39,1.36,1.33,0.11,0.84,1.0
0.95,2.27,1.31,1.29,1.26,0.06,0.9,1.0
1.04,2.37,1.25,1.19,1.14,0.0,0.99,1.0
1.13,2.42,1.14,1.1,1.07,0.0,1.08,1.0
1.2,2.35,1.02,1.0,0.97,0.0,1.17,1.0
1.3,2.24,0.95,0.93,0.86,0.0,1.25,1.0
1.38,2.2,0.86,0.82,0.78,0.0,1.34,1.0
1.47,2.09,0.77,0.72,0.68,0.0,1.42,1.0
1.56,2.0,0.68,0.64,0.59,0.17,1.51,1.0
1.66,1.95,0.58,0.54,0.5,0.25,1.59,1.0
1.77,1.85,0.48,0.44,0.4,0.36,1.67,1.0
1.83,1.76,0.39,0.35,0.3,0.44,1.75,1.0
1.92,1.67,0.3,0.25,0.2,0.54,1.83,1.0
2.02,1.55,0.2,0.16,0.28,0.63,1.88,1.0
2.11,1.47,0.1,0.24,0.2,0.73,1.96,1.0
2.16,1.39,0.19,0.15,0.11,0.82,2.04,1.0
2.27,1.29,0.1,0.06,0.01,0.9,2.05,1.0
2.37,1.19,0.01,0.0,0.0,0.99,1.97,0.0
2.35,1.2,0.02,0.0,0.0,0.99,2.01,0.0
1.88,1.99,0.61,0.56,0.53,0.0,1.19,1.0
2.01,1.88,0.51,0.48,0.44,0.0,1.26,1.0
2.1,1.8,0.42,0.39,0.35,0.0,1.34,1.0
2.19,1.73,0.33,0.27,0.24,0.0,1.45,1.0
2.28,1.59,0.24,0.19,0.15,0.18,1.53,1.0
2.38,1.53,0.13,0.1,0.06,0.27,1.62,1.0
2.47,1.42,0.05,0.28,0.25,0.36,1.68,1.0
2.57,1.32,0.24,0.21,0.18,0.46,1.77,1.0
2.63,1.27,0.17,0.14,0.11,0.55,1.47,1.0
2.53,1.14,0.1,0.07,0.04,0.64,1.39,1.0
2.53,1.07,0.04,0.0,0.0,0.73,1.31,1.0
2.34,0.96,0.0,0.0,0.0,0.83,1.23,1.0
2.25,0.87,0.0,0.0,0.0,0.91,1.13,1.0
2.16,0.78,0.0,0.0,0.0,1.0,1.05,1.0
2.14,0.67,0.0,0.0,0.0,1.08,0.97,1.0
2.05,0.58,0.0,0.0,0.0,1.17,0.87,1.0
1.88,0.48,0.0,0.0,0.0,1.26,0.78,1.0
1.8,0.39,0.0,0.0,0.0,1.34,0.7,0.0
1.79,0.37,0.0,0.0,0.0,1.37,0.71,0.0
2.42,0.99,0.0,0.0,0.0,0.0,2.1,0.0
2.28,0.88,0.0,0.0,0.0,0.0,2.03,0.0
2.32,0.89,0.0,0.0,0.0,0.0,2.06,0.0
2.27,0.87,0.0,0.0,0.0,0.0,2.04,0.0
2.23,0.85,0.0,0.0,0.0,0.0,2.07,0.0
2.26,0.84,0.0,0.0,0.0,0.0,2.05,0.0
2.22,0.84,0.0,0.0,0.0,0.0,2.08,0.0
1.32,2.69,1.3,1.26,1.3,0.0,0.87,1.0
1.5,2.57,1.2,1.15,1.03,0.0,1.08,1.0
1.57,0.0,1.03,1.01,0.96,0.0,1.15,1.0
1.65,0.0,0.94,0.88,0.87,0.0,1.24,1.0
1.73,2.2,0.85,0.82,0.79,0.0,1.32,1.0
1.9,2.2,0.71,0.73,0.68,0.03,1.44,1.0
1.9,2.09,0.71,0.62,0.57,0.13,1.36,1.0
2.06,1.97,0.57,0.53,0.49,0.22,1.29,1.0
2.06,1.85,0.49,0.42,0.38,0.32,1.2,1.0
0.26,1.85,0.36,0.32,0.28,0.42,1.1,1.0
2.32,1.73,0.28,0.23,0.19,0.51,1.03,1.0
2.32,1.62,0.18,0.13,0.09,0.62,0.93,1.0
0.0,1.51,0.08,0.04,0.0,0.69,0.84,1.0
0.0,1.44,0.0,0.0,0.0,0.78,0.76,1.0
2.69,1.26,0.0,0.0,0.0,0.87,0.66,1.0
2.69,1.18,0.0,0.0,0.0,0.98,0.58,1.0
2.57,1.15,0.0,0.0,0.0,1.08,0.49,1.0
0.0,1.01,0.0,0.0,0.0,1.15,0.4,1.0
0.0,0.88,0.0,0.0,0.0,1.24,0.31,0.0
2.38,0.89,0.0,0.0,0.0,1.25,0.33,0.0
2.32,0.9,0.0,0.0,0.0,1.25,0.36,0.0
2.38,0.91,0.0,0.0,0.0,1.27,0.39,0.0
2.31,0.86,0.0,0.0,0.0,1.27,0.41,0.0
2.34,0.87,0.0,0.0,0.0,1.26,0.46,0.0
2.27,0.87,0.0,0.0,0.0,1.28,0.48,0.0
2.31,0.88,0.0,0.0,0.0,1.27,0.51,0.0
2.24,0.84,0.0,0.0,0.0,1.3,0.53,0.0
2.27,0.84,0.0,0.0,0.0,1.29,0.58,0.0
2.22,0.84,0.0,0.0,0.0,1.31,0.6,0.0
2.24,0.81,0.0,0.0,0.0,1.3,2.09,0.0
1.77,0.93,0.0,0.0,0.0,2.02,1.39,0.0
1.71,1.01,0.0,0.0,0.0,0.28,1.47,0.0
1.73,1.01,0.0,0.0,0.0,0.27,1.52,0.0
1.74,1.02,0.0,0.0,0.0,0.25,1.51,0.0
2.2,1.05,0.71,0.68,0.66,1.32,2.27,0.0
2.14,1.14,0.81,0.79,0.76,0.0,2.36,0.0
1.78,1.41,0.66,0.62,0.59,1.29,1.85,0.0
1.9,1.32,0.6,0.56,0.52,1.37,1.8,0.0
1.98,1.4,0.8,0.75,0.72,0.0,1.88,1.0
2.08,1.98,0.73,0.68,0.63,0.0,1.82,1.0
2.12,1.92,0.63,0.59,0.54,0.03,1.74,1.0
2.23,1.82,0.54,0.49,0.46,0.13,1.63,1.0
2.31,1.75,0.44,0.4,0.36,0.23,1.55,1.0
2.27,1.68,0.36,0.31,0.27,0.32,1.48,1.0
2.19,1.56,0.26,0.22,0.17,0.43,1.37,1.0
2.12,1.5,0.17,0.13,0.08,0.52,1.31,1.0
2.03,1.39,0.08,0.04,0.0,0.62,1.21,1.0
1.92,1.31,0.0,0.0,0.0,0.71,1.13,1.0
1.85,1.24,0.0,0.0,0.0,2.29,1.05,0.0
1.86,1.22,0.0,0.0,0.0,0.8,1.05,0.0
2.13,1.2,0.97,0.99,1.01,1.0,1.78,0.0
2.23,0.0,1.12,1.13,1.16,1.09,1.85,0.0
2.22,0.03,1.19,1.2,1.24,1.09,2.15,0.0
0.96,1.03,0.74,0.74,0.74,0.35,1.65,1.0
0.81,0.9,0.68,0.67,0.67,1.61,1.49,1.0
2.07,1.13,0.95,0.93,0.92,1.17,2.31,0.0
1.99,1.21,1.08,1.08,1.05,1.09,2.39,0.0
0.0,0.0,0.75,0.73,0.72,0.0,0.0,0.0
0.0,0.0,0.76,0.74,0.74,0.0,0.0,0.0
0.0,0.0,0.76,0.74,0.74,0.0,0.0,0.0
1.81,1.28,1.12,1.09,1.07,1.2,2.52,0.0
1.75,1.38,1.25,1.24,1.21,1.09,2.46,0.0
1.67,1.03,0.4,0.0,0.0,0.58,0.16,2.0
1.74,1.03,0.21,0.0,0.0,0.59,0.27,2.0
1.61,1.67,0.0,0.0,0.0,1.06,2.41,0.0
1.75,0.1,0.0,0.0,0.0,1.16,2.47,0.0
